order_id,zone,vehicle_type,distance_km,delivery_time_min,rain_flag,claim_filed
ORD-20260001,Centro,Bici,2.0,32,1,0
ORD-20260002,Sur,Bici,1.4,16,0,0
ORD-20260003,Norte,Moto,4.4,39,1,0
ORD-20260004,Norte,Moto,6.4,47,0,1
ORD-20260005,Centro,Bici,2.9,32,0,1
ORD-20260006,Centro,Bici,2.8,28,0,0
ORD-20260007,Centro,Moto,2.3,13,0,0
ORD-20260008,Sur,Bici,3.1,37,1,1
ORD-20260009,Norte,Moto,5.8,38,0,1
ORD-20260010,Norte,Moto,3.7,19,0,0
ORD-20260011,Centro,Moto,4.2,34,0,1
ORD-20260012,Sur,Moto,5.9,45,1,0
ORD-20260013,Sur,Moto,4.1,26,0,0
ORD-20260014,Centro,Bici,2.0,28,1,0
ORD-20260015,Centro,Bici,2.4,26,0,0
ORD-20260016,Centro,Bici,2.3,19,0,0
ORD-20260017,Centro,Moto,3.4,29,0,0
ORD-20260018,Norte,Moto,5.3,38,0,1
ORD-20260019,Centro,Bici,1.9,23,0,0
ORD-20260020,Centro,Moto,4.0,20,0,0
ORD-20260021,Norte,Moto,5.1,31,0,1
ORD-20260022,Centro,Moto,3.1,24,0,0
ORD-20260023,Centro,Bici,2.0,23,0,0
ORD-20260024,Centro,Moto,2.8,16,0,0
ORD-20260025,Centro,Moto,2.7,17,0,0
ORD-20260026,Norte,Moto,2.2,15,0,0
ORD-20260027,Centro,Moto,4.1,23,0,0
ORD-20260028,Norte,Moto,6.9,49,0,0
ORD-20260029,Norte,Moto,4.4,19,0,0
ORD-20260030,Centro,Bici,1.6,20,0,0
ORD-20260031,Norte,Moto,5.5,26,0,0
ORD-20260032,Centro,Bici,2.6,31,1,1
ORD-20260033,Centro,Moto,2.8,13,0,0
ORD-20260034,Sur,Moto,5.3,38,1,1
ORD-20260035,Sur,Moto,5.8,42,0,1
ORD-20260036,Sur,Moto,7.2,43,0,0
ORD-20260037,Centro,Moto,3.0,16,0,0
ORD-20260038,Centro,Bici,1.7,21,0,0
ORD-20260039,Norte,Moto,7.0,47,0,1
ORD-20260040,Centro,Moto,3.8,24,0,0
ORD-20260041,Centro,Moto,5.0,52,1,1
ORD-20260042,Centro,Bici,1.6,20,0,0
ORD-20260043,Centro,Bici,2.7,29,0,0
ORD-20260044,Sur,Moto,1.9,13,0,0
ORD-20260045,Centro,Bici,2.9,31,0,0
ORD-20260046,Norte,Moto,4.2,27,0,0
ORD-20260047,Centro,Moto,4.0,27,0,0
ORD-20260048,Norte,Moto,3.8,22,0,0
ORD-20260049,Norte,Moto,2.5,18,0,0
ORD-20260050,Centro,Bici,2.1,19,0,0
ORD-20260051,Sur,Moto,2.0,10,0,0
ORD-20260052,Norte,Moto,6.1,41,0,1
ORD-20260053,Sur,Moto,1.9,11,0,0
ORD-20260054,Sur,Moto,5.0,30,0,0
ORD-20260055,Norte,Moto,1.9,15,0,0
ORD-20260056,Sur,Moto,4.5,29,0,0
ORD-20260057,Centro,Moto,3.8,23,0,0
ORD-20260058,Centro,Bici,2.8,39,1,1
ORD-20260059,Centro,Bici,1.8,21,0,0
ORD-20260060,Centro,Moto,2.5,19,0,0
ORD-20260061,Centro,Bici,2.5,32,0,0
ORD-20260062,Centro,Bici,2.9,29,0,0
ORD-20260063,Sur,Moto,2.9,30,1,0
ORD-20260064,Centro,Moto,3.0,17,0,0
ORD-20260065,Centro,Bici,0.5,10,0,0
ORD-20260066,Norte,Moto,4.1,28,0,0
ORD-20260067,Centro,Moto,2.1,15,0,0
ORD-20260068,Sur,Moto,5.9,37,0,1
ORD-20260069,Centro,Bici,2.5,24,0,0
ORD-20260070,Sur,Moto,2.9,21,0,0
ORD-20260071,Norte,Moto,3.5,26,0,0
ORD-20260072,Centro,Bici,2.7,30,0,0
ORD-20260073,Centro,Moto,2.4,17,0,0
ORD-20260074,Sur,Moto,4.1,22,0,0
ORD-20260075,Norte,Moto,4.3,24,0,0
ORD-20260076,Norte,Moto,6.0,49,1,0
ORD-20260077,Norte,Moto,4.2,36,0,0
ORD-20260078,Centro,Bici,2.4,32,1,1
ORD-20260079,Centro,Moto,4.2,28,0,0
ORD-20260080,Centro,Bici,1.4,15,0,0
ORD-20260081,Sur,Moto,2.2,14,0,0
ORD-20260082,Norte,Moto,6.2,32,0,0
ORD-20260083,Centro,Moto,2.0,17,1,0
ORD-20260084,Centro,Bici,2.2,39,1,1
ORD-20260085,Centro,Bici,1.9,13,0,0
ORD-20260086,Centro,Bici,2.3,22,0,0
ORD-20260087,Norte,Moto,7.4,35,0,0
ORD-20260088,Norte,Moto,6.2,40,1,1
ORD-20260089,Sur,Moto,6.3,44,0,1
ORD-20260090,Centro,Bici,1.4,17,0,0
ORD-20260091,Centro,Bici,1.6,15,0,0
ORD-20260092,Norte,Bici,0.7,10,0,0
ORD-20260093,Norte,Moto,3.8,21,0,0
ORD-20260094,Norte,Moto,6.4,37,0,0
ORD-20260095,Norte,Moto,5.8,45,1,1
ORD-20260096,Centro,Bici,2.3,30,0,0
ORD-20260097,Norte,Moto,5.0,21,0,0
ORD-20260098,Centro,Bici,1.9,20,0,0
ORD-20260099,Centro,Bici,2.7,25,0,0
ORD-20260100,Centro,Moto,3.1,23,0,0
ORD-20260101,Centro,Moto,1.2,12,0,0
ORD-20260102,Norte,Moto,5.4,35,0,0
ORD-20260103,Centro,Moto,3.2,22,0,0
ORD-20260104,Norte,Moto,4.4,23,0,0
ORD-20260105,Sur,Moto,6.1,42,0,1
ORD-20260106,Centro,Moto,4.8,32,0,0
ORD-20260107,Centro,Bici,2.4,28,0,0
ORD-20260108,Norte,Moto,5.6,39,0,1
ORD-20260109,Centro,Bici,1.9,21,0,0
ORD-20260110,Centro,Bici,2.6,32,0,1
ORD-20260111,Centro,Moto,2.9,21,0,0
ORD-20260112,Centro,Bici,2.7,26,0,0
ORD-20260113,Sur,Moto,3.5,22,0,0
ORD-20260114,Sur,Moto,5.3,31,0,0
ORD-20260115,Norte,Moto,7.2,38,0,1
ORD-20260116,Sur,Moto,5.7,42,0,1
ORD-20260117,Sur,Moto,6.4,39,0,0
ORD-20260118,Centro,Moto,2.3,17,0,0
ORD-20260119,Sur,Moto,6.1,38,0,1
ORD-20260120,Norte,Moto,5.4,46,0,0
ORD-20260121,Sur,Moto,3.6,19,0,0
ORD-20260122,Sur,Moto,5.5,28,0,0
ORD-20260123,Centro,Bici,1.7,15,0,0
ORD-20260124,Centro,Moto,2.0,24,1,0
ORD-20260125,Centro,Moto,2.7,19,0,0
ORD-20260126,Centro,Bici,2.7,34,1,1
ORD-20260127,Sur,Bici,3.2,37,1,0
ORD-20260128,Sur,Moto,6.6,39,0,0
ORD-20260129,Centro,Moto,3.0,18,0,0
ORD-20260130,Norte,Moto,3.9,26,0,0
ORD-20260131,Centro,Bici,1.3,18,0,0
ORD-20260132,Centro,Bici,2.4,27,0,0
ORD-20260133,Centro,Moto,2.1,18,0,0
ORD-20260134,Centro,Bici,2.6,42,1,1
ORD-20260135,Sur,Moto,4.5,29,0,0
ORD-20260136,Centro,Bici,0.9,12,0,0
ORD-20260137,Norte,Moto,4.4,24,0,0
ORD-20260138,Norte,Moto,4.5,26,0,0
ORD-20260139,Centro,Moto,3.0,18,0,0
ORD-20260140,Sur,Bici,4.0,41,0,0
ORD-20260141,Sur,Moto,7.5,45,0,0
ORD-20260142,Centro,Bici,1.0,14,0,0
ORD-20260143,Centro,Moto,3.5,19,0,0
ORD-20260144,Centro,Bici,2.3,28,0,0
ORD-20260145,Centro,Moto,3.2,20,0,0
ORD-20260146,Centro,Bici,2.6,22,0,0
ORD-20260147,Norte,Moto,6.7,36,0,0
ORD-20260148,Norte,Moto,4.4,37,0,1
ORD-20260149,Centro,Bici,1.6,17,0,0
ORD-20260150,Centro,Moto,3.6,22,0,0
ORD-20260151,Sur,Moto,4.8,28,0,0
ORD-20260152,Centro,Bici,2.7,26,0,0
ORD-20260153,Centro,Moto,3.5,20,0,0
ORD-20260154,Centro,Bici,1.7,19,0,0
ORD-20260155,Sur,Moto,5.9,40,0,0
ORD-20260156,Centro,Bici,2.0,22,0,0
ORD-20260157,Norte,Moto,4.8,24,0,0
ORD-20260158,Norte,Moto,5.1,29,0,0
ORD-20260159,Centro,Bici,1.3,14,0,0
ORD-20260160,Norte,Moto,3.8,24,0,0
ORD-20260161,Centro,Moto,3.6,28,0,0
ORD-20260162,Norte,Moto,6.3,36,0,0
ORD-20260163,Norte,Moto,4.9,29,0,0
ORD-20260164,Norte,Moto,5.4,41,0,0
ORD-20260165,Centro,Bici,2.3,38,1,1
ORD-20260166,Sur,Moto,7.0,43,0,1
ORD-20260167,Centro,Moto,2.3,34,1,0
ORD-20260168,Centro,Bici,2.7,29,0,0
ORD-20260169,Centro,Moto,3.4,15,0,0
ORD-20260170,Norte,Moto,3.8,27,0,0
ORD-20260171,Norte,Moto,7.3,32,0,1
ORD-20260172,Centro,Moto,1.3,12,0,0
ORD-20260173,Norte,Moto,7.4,31,0,1
ORD-20260174,Centro,Bici,2.2,21,0,0
ORD-20260175,Norte,Bici,4.6,40,0,1
ORD-20260176,Centro,Bici,1.0,11,0,0
ORD-20260177,Norte,Moto,4.3,25,0,0
ORD-20260178,Centro,Moto,1.7,27,1,0
ORD-20260179,Sur,Moto,4.1,23,0,0
ORD-20260180,Centro,Moto,2.4,18,0,0
ORD-20260181,Centro,Moto,3.3,18,0,0
ORD-20260182,Centro,Bici,2.7,26,0,0
ORD-20260183,Sur,Moto,5.5,34,0,0
ORD-20260184,Sur,Moto,3.4,19,0,0
ORD-20260185,Centro,Moto,1.8,11,0,0
ORD-20260186,Norte,Moto,7.7,47,0,0
ORD-20260187,Sur,Moto,3.9,29,0,0
ORD-20260188,Norte,Moto,7.5,42,0,1
ORD-20260189,Norte,Bici,4.6,48,1,1
ORD-20260190,Centro,Bici,2.5,26,0,0
ORD-20260191,Centro,Moto,3.4,22,0,0
ORD-20260192,Sur,Moto,6.9,41,0,1
ORD-20260193,Sur,Moto,4.8,24,1,0
ORD-20260194,Norte,Moto,4.4,23,0,0
ORD-20260195,Centro,Bici,2.5,22,0,0
ORD-20260196,Centro,Bici,2.8,38,1,1
ORD-20260197,Norte,Moto,6.3,38,0,1
ORD-20260198,Sur,Moto,5.0,33,0,0
ORD-20260199,Sur,Moto,5.9,36,0,1
ORD-20260200,Norte,Bici,7.5,52,0,1
ORD-20260201,Norte,Moto,5.6,40,0,1
ORD-20260202,Centro,Bici,2.7,32,0,0
ORD-20260203,Centro,Bici,1.3,12,0,0
ORD-20260204,Sur,Moto,1.1,11,0,0
ORD-20260205,Norte,Moto,5.6,30,0,1
ORD-20260206,Centro,Moto,2.4,17,0,0
ORD-20260207,Centro,Bici,2.1,25,0,0
ORD-20260208,Norte,Moto,5.4,55,1,1
ORD-20260209,Centro,Moto,2.5,19,0,0
ORD-20260210,Centro,Bici,3.4,34,0,1
ORD-20260211,Norte,Moto,5.1,29,0,0
ORD-20260212,Norte,Moto,3.9,25,0,0
ORD-20260213,Norte,Moto,6.5,45,0,1
ORD-20260214,Centro,Moto,2.3,16,0,0
ORD-20260215,Norte,Moto,5.8,29,0,0
ORD-20260216,Centro,Bici,2.1,17,0,0
ORD-20260217,Centro,Bici,2.0,23,0,0
ORD-20260218,Norte,Moto,5.1,32,0,1
ORD-20260219,Norte,Moto,5.0,27,0,0
ORD-20260220,Sur,Moto,5.7,39,0,0
ORD-20260221,Norte,Moto,4.6,26,0,0
ORD-20260222,Norte,Moto,2.2,16,0,0
ORD-20260223,Centro,Bici,2.2,23,0,0
ORD-20260224,Centro,Moto,3.1,19,0,0
ORD-20260225,Centro,Bici,2.3,35,1,1
ORD-20260226,Centro,Moto,2.3,19,0,0
ORD-20260227,Sur,Moto,6.5,31,0,1
ORD-20260228,Centro,Moto,1.9,16,0,0
ORD-20260229,Sur,Moto,2.7,19,0,0
ORD-20260230,Norte,Moto,4.8,30,0,0
ORD-20260231,Norte,Moto,4.3,30,0,0
ORD-20260232,Norte,Moto,3.6,33,1,0
ORD-20260233,Norte,Moto,4.7,41,1,1
ORD-20260234,Centro,Bici,2.9,31,0,1
ORD-20260235,Centro,Moto,2.5,16,0,0
ORD-20260236,Norte,Moto,5.5,34,0,1
ORD-20260237,Centro,Moto,4.0,24,0,0
ORD-20260238,Centro,Moto,2.2,16,0,1
ORD-20260239,Norte,Moto,5.4,30,0,0
ORD-20260240,Centro,Bici,2.1,23,0,0
ORD-20260241,Sur,Moto,3.7,24,0,0
ORD-20260242,Sur,Moto,4.1,27,0,0
ORD-20260243,Sur,Moto,4.3,36,1,0
ORD-20260244,Centro,Bici,2.8,28,1,0
ORD-20260245,Centro,Bici,4.4,40,0,1
ORD-20260246,Sur,Moto,3.9,25,0,0
ORD-20260247,Centro,Bici,2.2,34,1,0
ORD-20260248,Sur,Moto,4.9,27,0,0
ORD-20260249,Sur,Moto,5.6,27,0,0
ORD-20260250,Sur,Moto,5.4,35,0,0
ORD-20260251,Centro,Bici,3.5,41,1,0
ORD-20260252,Centro,Bici,0.6,10,0,0
ORD-20260253,Sur,Moto,1.4,11,0,0
ORD-20260254,Centro,Bici,2.1,32,1,1
ORD-20260255,Centro,Moto,3.4,21,0,0
ORD-20260256,Norte,Moto,2.7,24,1,0
ORD-20260257,Sur,Moto,0.5,10,0,0
ORD-20260258,Norte,Moto,5.9,31,0,1
ORD-20260259,Norte,Moto,5.4,33,0,1
ORD-20260260,Centro,Bici,1.6,19,0,0
ORD-20260261,Norte,Moto,3.5,21,0,0
ORD-20260262,Sur,Moto,3.5,18,0,0
ORD-20260263,Centro,Bici,2.6,35,0,1
ORD-20260264,Norte,Moto,4.1,23,0,0
ORD-20260265,Sur,Moto,5.7,37,0,0
ORD-20260266,Norte,Bici,0.7,14,0,0
ORD-20260267,Norte,Moto,3.7,26,0,0
ORD-20260268,Norte,Moto,3.3,21,0,0
ORD-20260269,Centro,Bici,2.3,23,0,0
ORD-20260270,Centro,Moto,2.1,14,0,0
ORD-20260271,Sur,Moto,6.2,41,0,0
ORD-20260272,Sur,Moto,2.2,17,0,0
ORD-20260273,Sur,Moto,5.1,28,0,0
ORD-20260274,Sur,Moto,5.8,29,0,0
ORD-20260275,Norte,Moto,7.8,35,0,0
ORD-20260276,Norte,Moto,4.3,30,0,0
ORD-20260277,Norte,Moto,5.5,33,0,1
ORD-20260278,Norte,Moto,2.3,17,0,0
ORD-20260279,Norte,Moto,1.4,11,0,0
ORD-20260280,Norte,Moto,6.3,28,0,0
ORD-20260281,Sur,Moto,5.0,34,0,1
ORD-20260282,Centro,Moto,3.4,32,1,1
ORD-20260283,Centro,Bici,1.4,18,0,0
ORD-20260284,Centro,Moto,2.9,18,0,0
ORD-20260285,Norte,Moto,7.8,42,0,1
ORD-20260286,Centro,Bici,2.8,41,1,1
ORD-20260287,Centro,Bici,2.7,30,0,0
ORD-20260288,Norte,Moto,5.0,34,0,1
ORD-20260289,Centro,Moto,1.2,11,0,0
ORD-20260290,Norte,Moto,7.0,44,0,1
ORD-20260291,Centro,Bici,2.0,24,0,0
ORD-20260292,Centro,Moto,2.9,19,0,0
ORD-20260293,Sur,Bici,2.7,25,0,0
ORD-20260294,Centro,Moto,1.6,16,0,0
ORD-20260295,Centro,Moto,3.6,21,0,0
ORD-20260296,Norte,Bici,4.5,45,0,1
ORD-20260297,Norte,Moto,7.2,41,0,0
ORD-20260298,Centro,Bici,2.4,25,1,0
ORD-20260299,Norte,Moto,2.2,19,0,0
ORD-20260300,Centro,Moto,3.2,12,0,0
ORD-20260301,Centro,Bici,2.0,15,0,0
ORD-20260302,Norte,Bici,6.0,68,1,0
ORD-20260303,Norte,Moto,5.0,32,0,1
ORD-20260304,Norte,Bici,2.7,24,0,0
ORD-20260305,Norte,Moto,5.2,32,0,0
ORD-20260306,Sur,Moto,8.3,29,0,0
ORD-20260307,Norte,Moto,5.7,37,0,1
ORD-20260308,Centro,Bici,2.5,26,0,0
ORD-20260309,Norte,Moto,6.6,38,0,1
ORD-20260310,Centro,Moto,2.7,19,0,0
ORD-20260311,Centro,Bici,2.7,29,0,0
ORD-20260312,Centro,Moto,1.6,13,0,0
ORD-20260313,Centro,Bici,2.7,19,0,0
ORD-20260314,Sur,Moto,6.6,51,0,1
ORD-20260315,Sur,Moto,3.7,28,0,0
ORD-20260316,Norte,Moto,7.1,33,0,0
ORD-20260317,Centro,Bici,2.4,23,0,0
ORD-20260318,Centro,Bici,1.8,19,0,0
ORD-20260319,Centro,Moto,3.3,25,0,0
ORD-20260320,Centro,Moto,2.3,11,0,0
ORD-20260321,Norte,Moto,6.1,33,0,1
ORD-20260322,Norte,Moto,4.6,21,0,0
ORD-20260323,Norte,Moto,4.9,28,0,0
ORD-20260324,Centro,Bici,2.9,35,1,1
ORD-20260325,Sur,Moto,5.4,43,1,0
ORD-20260326,Norte,Moto,2.0,14,0,0
ORD-20260327,Norte,Bici,3.3,28,0,0
ORD-20260328,Norte,Moto,6.4,40,0,1
ORD-20260329,Centro,Bici,2.4,26,0,0
ORD-20260330,Centro,Bici,2.1,24,0,0
ORD-20260331,Centro,Bici,1.4,16,0,0
ORD-20260332,Norte,Moto,3.4,29,1,0
ORD-20260333,Centro,Moto,0.9,19,1,0
ORD-20260334,Centro,Bici,2.4,26,0,0
ORD-20260335,Centro,Moto,2.0,10,0,0
ORD-20260336,Centro,Moto,1.7,14,0,0
ORD-20260337,Sur,Moto,4.9,31,0,1
ORD-20260338,Norte,Moto,5.5,33,0,1
ORD-20260339,Centro,Moto,4.2,25,0,0
ORD-20260340,Centro,Moto,1.3,10,0,0
ORD-20260341,Centro,Moto,3.4,30,1,0
ORD-20260342,Centro,Moto,3.3,27,0,0
ORD-20260343,Centro,Moto,1.9,15,0,0
ORD-20260344,Centro,Bici,2.7,25,0,0
ORD-20260345,Centro,Bici,2.1,22,0,0
ORD-20260346,Norte,Moto,5.3,44,1,0
ORD-20260347,Norte,Moto,7.3,46,0,0
ORD-20260348,Centro,Bici,3.0,28,0,0
ORD-20260349,Centro,Bici,2.9,30,0,0
ORD-20260350,Norte,Moto,4.4,34,0,0
ORD-20260351,Norte,Moto,2.8,33,1,1
ORD-20260352,Sur,Moto,4.7,39,0,1
ORD-20260353,Norte,Bici,6.8,54,0,0
ORD-20260354,Centro,Bici,1.3,19,0,0
ORD-20260355,Centro,Bici,1.7,16,0,0
ORD-20260356,Norte,Moto,5.2,33,0,1
ORD-20260357,Centro,Bici,1.7,21,0,0
ORD-20260358,Norte,Moto,3.8,22,0,0
ORD-20260359,Sur,Moto,4.4,37,1,0
ORD-20260360,Norte,Moto,3.0,23,0,0
ORD-20260361,Centro,Bici,1.7,17,0,0
ORD-20260362,Norte,Moto,6.1,57,1,1
ORD-20260363,Centro,Moto,1.5,10,0,0
ORD-20260364,Norte,Moto,2.6,23,0,0
ORD-20260365,Sur,Bici,4.1,43,0,1
ORD-20260366,Centro,Moto,3.1,20,0,0
ORD-20260367,Sur,Moto,4.7,27,0,0
ORD-20260368,Sur,Moto,4.3,24,0,0
ORD-20260369,Centro,Bici,2.5,24,0,0
ORD-20260370,Centro,Bici,1.1,14,0,0
ORD-20260371,Centro,Moto,2.9,23,0,0
ORD-20260372,Centro,Moto,2.8,25,0,0
ORD-20260373,Centro,Bici,2.2,23,0,0
ORD-20260374,Norte,Moto,6.5,33,0,1
ORD-20260375,Centro,Bici,1.6,16,0,0
ORD-20260376,Centro,Moto,3.4,21,0,0
ORD-20260377,Sur,Moto,5.2,26,0,0
ORD-20260378,Centro,Bici,2.2,19,0,0
ORD-20260379,Sur,Moto,5.0,53,1,1
ORD-20260380,Centro,Bici,2.4,25,0,0
ORD-20260381,Centro,Moto,3.5,20,0,0
ORD-20260382,Norte,Moto,3.4,25,0,0
ORD-20260383,Norte,Moto,3.9,20,0,0
ORD-20260384,Sur,Moto,6.6,32,0,1
ORD-20260385,Norte,Moto,4.1,31,1,1
ORD-20260386,Sur,Moto,6.4,59,1,0
ORD-20260387,Centro,Moto,3.9,24,0,0
ORD-20260388,Centro,Bici,2.2,14,0,0
ORD-20260389,Norte,Moto,6.0,41,0,1
ORD-20260390,Sur,Moto,3.3,21,0,0
ORD-20260391,Sur,Moto,6.1,26,0,0
ORD-20260392,Centro,Bici,2.7,35,1,1
ORD-20260393,Centro,Bici,2.9,41,1,0
ORD-20260394,Norte,Moto,4.0,37,1,1
ORD-20260395,Centro,Bici,1.2,19,0,0
ORD-20260396,Sur,Moto,5.8,30,0,0
ORD-20260397,Sur,Moto,1.9,15,0,0
ORD-20260398,Centro,Bici,2.2,20,0,0
ORD-20260399,Norte,Moto,6.4,28,0,0
ORD-20260400,Norte,Moto,5.3,36,0,0
ORD-20260401,Centro,Moto,4.1,27,0,0
ORD-20260402,Sur,Moto,6.5,39,0,1
ORD-20260403,Norte,Moto,4.0,27,0,0
ORD-20260404,Sur,Moto,5.0,27,0,0
ORD-20260405,Centro,Bici,2.5,21,0,0
ORD-20260406,Sur,Moto,2.6,18,0,0
ORD-20260407,Centro,Bici,1.7,22,0,0
ORD-20260408,Centro,Bici,2.1,27,0,1
ORD-20260409,Sur,Moto,1.9,16,0,0
ORD-20260410,Centro,Bici,2.5,25,0,0
ORD-20260411,Centro,Bici,2.3,24,0,0
ORD-20260412,Sur,Moto,2.5,18,0,0
ORD-20260413,Sur,Moto,5.6,36,1,1
ORD-20260414,Norte,Moto,6.1,46,1,0
ORD-20260415,Norte,Moto,5.3,25,0,0
ORD-20260416,Centro,Bici,2.2,22,0,0
ORD-20260417,Centro,Moto,3.0,25,0,0
ORD-20260418,Centro,Moto,3.0,22,0,0
ORD-20260419,Norte,Moto,5.5,28,0,0
ORD-20260420,Norte,Moto,3.8,34,1,1
ORD-20260421,Norte,Moto,5.4,28,0,0
ORD-20260422,Norte,Moto,6.8,49,1,1
ORD-20260423,Centro,Moto,2.0,17,0,0
ORD-20260424,Centro,Moto,4.2,29,0,0
ORD-20260425,Centro,Bici,2.1,30,0,0
ORD-20260426,Norte,Bici,5.0,53,0,1
ORD-20260427,Centro,Bici,2.0,22,0,0
ORD-20260428,Sur,Moto,5.3,35,0,1
ORD-20260429,Centro,Bici,1.1,13,0,0
ORD-20260430,Centro,Moto,2.1,13,0,0
ORD-20260431,Centro,Bici,1.6,21,0,0
ORD-20260432,Norte,Moto,5.2,36,0,0
ORD-20260433,Norte,Moto,6.5,36,0,1
ORD-20260434,Centro,Moto,3.0,21,0,0
ORD-20260435,Centro,Moto,0.6,10,0,0
ORD-20260436,Norte,Moto,8.1,63,1,1
ORD-20260437,Centro,Moto,2.7,14,0,0
ORD-20260438,Sur,Moto,3.8,25,0,0
ORD-20260439,Norte,Moto,5.2,30,0,0
ORD-20260440,Centro,Bici,2.6,42,1,1
ORD-20260441,Centro,Bici,2.0,24,0,0
ORD-20260442,Sur,Moto,5.3,38,0,0
ORD-20260443,Centro,Bici,2.0,17,0,0
ORD-20260444,Centro,Bici,2.2,20,0,0
ORD-20260445,Sur,Moto,4.0,29,0,0
ORD-20260446,Sur,Bici,2.9,26,0,0
ORD-20260447,Sur,Bici,5.2,36,0,0
ORD-20260448,Norte,Bici,5.9,56,0,0
ORD-20260449,Centro,Bici,2.9,35,1,1
ORD-20260450,Centro,Moto,3.2,39,1,0
ORD-20260451,Norte,Moto,5.5,34,0,0
ORD-20260452,Norte,Moto,4.2,27,0,0
ORD-20260453,Centro,Moto,3.2,20,0,0
ORD-20260454,Sur,Moto,3.0,25,0,0
ORD-20260455,Centro,Bici,1.8,20,0,0
ORD-20260456,Centro,Bici,1.7,27,1,0
ORD-20260457,Centro,Moto,3.4,19,0,0
ORD-20260458,Centro,Moto,3.3,21,0,0
ORD-20260459,Centro,Bici,2.9,24,0,0
ORD-20260460,Centro,Moto,3.4,25,0,0
ORD-20260461,Centro,Bici,1.8,14,0,0
ORD-20260462,Norte,Moto,5.5,32,0,0
ORD-20260463,Norte,Moto,4.8,32,0,1
ORD-20260464,Norte,Moto,6.3,38,0,1
ORD-20260465,Sur,Moto,4.8,26,0,0
ORD-20260466,Centro,Bici,2.2,25,0,0
ORD-20260467,Centro,Bici,2.9,33,1,1
ORD-20260468,Sur,Moto,6.3,46,1,1
ORD-20260469,Centro,Moto,2.0,16,0,0
ORD-20260470,Sur,Bici,4.9,47,0,1
ORD-20260471,Centro,Moto,1.7,21,1,0
ORD-20260472,Sur,Moto,1.3,14,0,0
ORD-20260473,Centro,Bici,2.7,27,0,0
ORD-20260474,Sur,Moto,5.9,38,0,1
ORD-20260475,Norte,Moto,5.4,39,0,0
ORD-20260476,Sur,Moto,2.1,18,0,0
ORD-20260477,Centro,Bici,2.2,26,0,0
ORD-20260478,Norte,Moto,1.7,24,1,0
ORD-20260479,Sur,Moto,7.1,45,0,1
ORD-20260480,Norte,Moto,3.4,23,0,0
ORD-20260481,Norte,Moto,6.9,32,0,1
ORD-20260482,Norte,Moto,6.4,39,0,0
ORD-20260483,Centro,Moto,1.8,25,1,0
ORD-20260484,Norte,Moto,3.3,34,1,1
ORD-20260485,Norte,Moto,5.5,32,0,1
ORD-20260486,Sur,Bici,3.7,40,1,0
ORD-20260487,Centro,Bici,2.6,28,0,0
ORD-20260488,Centro,Bici,2.1,18,0,0
ORD-20260489,Sur,Moto,2.3,20,0,0
ORD-20260490,Sur,Moto,1.7,13,0,0
ORD-20260491,Centro,Bici,2.7,38,1,1
ORD-20260492,Norte,Moto,4.2,28,0,0
ORD-20260493,Centro,Bici,2.1,24,0,0
ORD-20260494,Centro,Moto,3.1,16,0,0
ORD-20260495,Centro,Moto,3.4,25,0,0
ORD-20260496,Centro,Bici,2.3,24,0,0
ORD-20260497,Norte,Moto,4.5,25,0,0
ORD-20260498,Centro,Bici,2.9,25,0,0
ORD-20260499,Sur,Moto,3.0,19,0,0
ORD-20260500,Sur,Moto,5.3,25,0,0
ORD-20260501,Norte,Moto,5.8,43,0,0
ORD-20260502,Norte,Moto,6.0,43,0,0
ORD-20260503,Centro,Moto,1.0,11,0,0
ORD-20260504,Sur,Moto,3.9,24,0,0
ORD-20260505,Norte,Moto,3.7,23,0,0
ORD-20260506,Centro,Moto,2.6,20,0,0
ORD-20260507,Sur,Moto,5.7,42,0,1
ORD-20260508,Sur,Bici,7.2,57,0,1
ORD-20260509,Sur,Moto,4.3,22,0,0
ORD-20260510,Norte,Moto,4.3,33,0,0
ORD-20260511,Norte,Moto,6.7,28,0,0
ORD-20260512,Centro,Moto,2.7,16,0,0
ORD-20260513,Sur,Moto,6.9,38,0,1
ORD-20260514,Sur,Moto,5.4,25,0,0
ORD-20260515,Centro,Bici,1.6,21,0,0
ORD-20260516,Centro,Moto,1.4,14,0,0
ORD-20260517,Centro,Bici,1.3,14,0,0
ORD-20260518,Sur,Moto,6.0,54,1,1
ORD-20260519,Sur,Bici,6.8,84,1,1
ORD-20260520,Centro,Moto,4.0,34,1,1
ORD-20260521,Norte,Moto,6.3,34,0,0
ORD-20260522,Centro,Moto,3.4,29,0,0
ORD-20260523,Sur,Moto,4.1,28,0,0
ORD-20260524,Sur,Bici,3.3,33,0,1
ORD-20260525,Sur,Moto,6.3,44,0,1
ORD-20260526,Centro,Moto,2.8,20,0,0
ORD-20260527,Centro,Bici,2.6,24,0,0
ORD-20260528,Centro,Moto,2.8,19,0,0
ORD-20260529,Centro,Bici,2.8,43,1,1
ORD-20260530,Sur,Moto,6.9,28,0,0
ORD-20260531,Sur,Moto,6.9,38,0,1
ORD-20260532,Sur,Moto,5.8,53,1,0
ORD-20260533,Sur,Moto,6.3,34,0,1
ORD-20260534,Norte,Moto,5.8,54,1,0
ORD-20260535,Norte,Moto,4.3,32,0,1
ORD-20260536,Sur,Moto,6.1,35,0,1
ORD-20260537,Sur,Moto,2.9,18,0,0
ORD-20260538,Centro,Moto,3.3,21,0,1
ORD-20260539,Centro,Moto,1.5,17,0,0
ORD-20260540,Centro,Bici,2.7,34,0,1
ORD-20260541,Sur,Moto,3.7,24,0,0
ORD-20260542,Norte,Moto,5.8,31,0,1
ORD-20260543,Centro,Moto,2.5,18,0,0
ORD-20260544,Norte,Moto,2.6,19,0,0
ORD-20260545,Norte,Bici,5.6,41,0,1
ORD-20260546,Centro,Bici,2.0,21,0,0
ORD-20260547,Centro,Moto,3.2,25,0,0
ORD-20260548,Norte,Moto,5.0,22,0,0
ORD-20260549,Norte,Moto,5.6,37,0,1
ORD-20260550,Norte,Moto,3.6,40,1,1
ORD-20260551,Norte,Moto,4.1,23,0,0
ORD-20260552,Sur,Moto,4.3,46,1,1
ORD-20260553,Norte,Moto,6.3,33,0,1
ORD-20260554,Norte,Moto,7.5,45,0,1
ORD-20260555,Sur,Moto,3.8,23,0,0
ORD-20260556,Centro,Moto,3.4,21,0,0
ORD-20260557,Centro,Bici,0.8,10,0,0
ORD-20260558,Centro,Moto,1.5,14,0,0
ORD-20260559,Norte,Moto,3.6,26,0,0
ORD-20260560,Norte,Moto,3.0,20,0,0
ORD-20260561,Norte,Moto,2.6,14,0,0
ORD-20260562,Centro,Bici,2.8,29,0,0
ORD-20260563,Centro,Bici,2.3,25,0,0
ORD-20260564,Centro,Bici,2.8,27,0,0
ORD-20260565,Centro,Moto,3.1,39,1,0
ORD-20260566,Norte,Moto,5.4,24,0,0
ORD-20260567,Centro,Moto,3.0,13,0,0
ORD-20260568,Centro,Bici,2.4,22,0,0
ORD-20260569,Sur,Moto,3.2,23,0,0
ORD-20260570,Centro,Bici,3.3,26,0,0
ORD-20260571,Norte,Moto,4.1,22,0,0
ORD-20260572,Norte,Moto,3.6,26,0,0
ORD-20260573,Centro,Bici,2.4,26,0,1
ORD-20260574,Norte,Moto,3.6,24,0,1
ORD-20260575,Sur,Bici,4.4,45,0,1
ORD-20260576,Sur,Moto,5.5,30,0,0
ORD-20260577,Centro,Bici,2.8,35,1,1
ORD-20260578,Sur,Moto,3.7,38,1,1
ORD-20260579,Centro,Bici,2.1,17,0,0
ORD-20260580,Centro,Moto,3.4,15,0,1
ORD-20260581,Centro,Bici,2.9,26,0,0
ORD-20260582,Sur,Moto,8.1,52,0,1
ORD-20260583,Centro,Moto,3.4,23,0,0
ORD-20260584,Centro,Moto,3.4,36,1,1
ORD-20260585,Norte,Moto,2.9,14,0,0
ORD-20260586,Centro,Moto,3.1,21,0,0
ORD-20260587,Centro,Bici,2.5,38,1,1
ORD-20260588,Centro,Bici,2.1,17,0,0
ORD-20260589,Centro,Moto,2.6,32,1,1
ORD-20260590,Centro,Moto,3.3,21,0,0
ORD-20260591,Centro,Bici,2.9,56,1,0
ORD-20260592,Norte,Moto,3.7,16,0,0
ORD-20260593,Centro,Moto,3.1,25,0,0
ORD-20260594,Centro,Moto,2.0,14,0,0
ORD-20260595,Sur,Moto,5.3,24,0,0
ORD-20260596,Centro,Moto,2.3,15,0,0
ORD-20260597,Norte,Moto,4.7,40,1,0
ORD-20260598,Centro,Moto,3.1,24,0,0
ORD-20260599,Centro,Moto,1.7,17,0,0
ORD-20260600,Centro,Moto,4.1,31,0,1
ORD-20260601,Centro,Bici,1.0,11,0,0
ORD-20260602,Centro,Moto,2.0,18,0,0
ORD-20260603,Centro,Bici,2.8,29,0,0
ORD-20260604,Centro,Moto,3.0,27,1,0
ORD-20260605,Centro,Bici,2.4,23,0,0
ORD-20260606,Centro,Bici,2.5,22,0,0
ORD-20260607,Centro,Bici,2.8,28,0,0
ORD-20260608,Centro,Bici,2.3,21,0,0
ORD-20260609,Norte,Moto,7.1,34,0,1
ORD-20260610,Norte,Moto,6.3,39,0,1
ORD-20260611,Centro,Bici,3.2,33,0,1
ORD-20260612,Norte,Moto,3.6,22,0,0
ORD-20260613,Norte,Moto,4.9,36,0,1
ORD-20260614,Centro,Bici,2.3,22,0,0
ORD-20260615,Sur,Moto,3.5,21,0,0
ORD-20260616,Sur,Moto,5.5,36,0,1
ORD-20260617,Centro,Bici,2.1,31,1,0
ORD-20260618,Centro,Moto,3.0,20,0,0
ORD-20260619,Sur,Bici,3.4,20,0,0
ORD-20260620,Norte,Moto,7.6,43,0,1
ORD-20260621,Centro,Bici,1.8,14,0,0
ORD-20260622,Centro,Moto,2.7,15,0,0
ORD-20260623,Centro,Moto,3.1,16,0,0
ORD-20260624,Centro,Moto,2.0,13,0,0
ORD-20260625,Norte,Moto,6.3,43,1,1
ORD-20260626,Centro,Bici,1.5,25,1,0
ORD-20260627,Centro,Moto,3.7,26,0,0
ORD-20260628,Norte,Moto,5.0,31,0,1
ORD-20260629,Centro,Moto,2.0,18,1,0
ORD-20260630,Centro,Bici,2.3,24,0,0
ORD-20260631,Norte,Bici,6.2,57,0,1
ORD-20260632,Sur,Moto,4.1,34,1,1
ORD-20260633,Norte,Moto,3.9,34,1,0
ORD-20260634,Norte,Moto,4.7,29,0,0
ORD-20260635,Centro,Bici,1.6,20,0,0
ORD-20260636,Centro,Moto,4.0,19,0,0
ORD-20260637,Norte,Moto,4.2,35,1,0
ORD-20260638,Centro,Moto,3.2,38,1,0
ORD-20260639,Centro,Moto,2.7,22,0,0
ORD-20260640,Centro,Moto,1.7,15,0,0
ORD-20260641,Centro,Bici,2.5,27,0,0
ORD-20260642,Centro,Moto,3.1,26,0,0
ORD-20260643,Centro,Bici,2.3,30,0,0
ORD-20260644,Centro,Moto,3.5,22,0,0
ORD-20260645,Centro,Moto,3.3,18,0,0
ORD-20260646,Sur,Moto,6.4,35,0,1
ORD-20260647,Norte,Moto,4.3,39,0,1
ORD-20260648,Norte,Moto,3.4,17,0,0
ORD-20260649,Norte,Bici,4.1,35,0,0
ORD-20260650,Centro,Bici,2.7,21,0,0
ORD-20260651,Centro,Bici,2.9,29,0,0
ORD-20260652,Norte,Moto,1.7,19,1,0
ORD-20260653,Norte,Moto,5.0,30,0,1
ORD-20260654,Norte,Moto,5.2,22,0,0
ORD-20260655,Centro,Bici,2.3,26,0,0
ORD-20260656,Centro,Moto,3.5,38,1,1
ORD-20260657,Centro,Bici,2.8,26,0,0
ORD-20260658,Centro,Moto,3.5,22,0,0
ORD-20260659,Norte,Moto,4.7,28,0,0
ORD-20260660,Norte,Bici,6.4,58,0,0
ORD-20260661,Centro,Moto,3.8,34,1,1
ORD-20260662,Sur,Moto,7.0,56,1,1
ORD-20260663,Norte,Moto,3.4,26,0,0
ORD-20260664,Centro,Bici,2.3,21,0,0
ORD-20260665,Centro,Bici,2.2,22,0,0
ORD-20260666,Centro,Bici,2.9,32,0,0
ORD-20260667,Centro,Moto,3.0,24,1,0
ORD-20260668,Centro,Moto,1.8,17,1,0
ORD-20260669,Centro,Bici,2.6,27,0,0
ORD-20260670,Centro,Bici,0.9,13,0,0
ORD-20260671,Centro,Moto,3.7,21,0,0
ORD-20260672,Sur,Bici,4.2,35,0,0
ORD-20260673,Centro,Moto,2.5,16,0,0
ORD-20260674,Norte,Bici,4.5,36,0,1
ORD-20260675,Centro,Moto,3.4,24,0,0
ORD-20260676,Sur,Moto,0.7,10,0,0
ORD-20260677,Centro,Moto,2.5,17,0,0
ORD-20260678,Centro,Bici,2.4,21,0,0
ORD-20260679,Sur,Moto,4.3,21,0,0
ORD-20260680,Sur,Bici,7.6,74,0,0
ORD-20260681,Sur,Moto,3.7,31,1,1
ORD-20260682,Centro,Moto,3.1,21,0,0
ORD-20260683,Centro,Bici,2.8,29,1,0
ORD-20260684,Norte,Moto,6.9,44,1,1
ORD-20260685,Sur,Moto,4.0,28,0,0
ORD-20260686,Norte,Moto,3.9,34,0,1
ORD-20260687,Norte,Moto,6.6,34,1,1
ORD-20260688,Centro,Moto,2.8,18,0,0
ORD-20260689,Norte,Moto,2.7,30,1,0
ORD-20260690,Centro,Bici,2.1,20,0,0
ORD-20260691,Centro,Moto,2.8,21,0,0
ORD-20260692,Centro,Moto,3.2,18,0,0
ORD-20260693,Norte,Moto,4.0,26,0,0
ORD-20260694,Centro,Bici,0.5,18,1,0
ORD-20260695,Centro,Bici,2.9,33,0,1
ORD-20260696,Norte,Moto,3.2,19,0,0
ORD-20260697,Centro,Bici,0.9,12,0,0
ORD-20260698,Norte,Bici,0.8,13,0,0
ORD-20260699,Centro,Moto,3.2,18,0,0
ORD-20260700,Centro,Bici,2.6,26,0,0
ORD-20260701,Norte,Moto,4.7,21,0,0
ORD-20260702,Centro,Moto,3.6,19,0,0
ORD-20260703,Centro,Moto,3.0,21,0,0
ORD-20260704,Centro,Bici,3.8,30,0,0
ORD-20260705,Centro,Bici,1.4,24,1,0
ORD-20260706,Sur,Moto,4.9,32,0,0
ORD-20260707,Centro,Bici,1.2,13,0,0
ORD-20260708,Sur,Moto,4.7,32,0,0
ORD-20260709,Centro,Bici,2.3,24,0,1
ORD-20260710,Norte,Moto,5.9,37,0,1
ORD-20260711,Norte,Moto,5.1,36,0,1
ORD-20260712,Norte,Moto,5.9,36,0,0
ORD-20260713,Centro,Moto,3.1,25,0,0
ORD-20260714,Centro,Moto,4.2,30,0,0
ORD-20260715,Centro,Bici,2.2,21,0,0
ORD-20260716,Sur,Moto,3.6,27,0,0
ORD-20260717,Sur,Moto,5.4,44,1,1
ORD-20260718,Sur,Moto,3.8,23,0,0
ORD-20260719,Centro,Moto,3.7,24,0,0
ORD-20260720,Norte,Moto,4.6,33,0,1
ORD-20260721,Sur,Moto,4.2,28,0,0
ORD-20260722,Centro,Bici,2.1,28,0,0
ORD-20260723,Centro,Moto,3.1,24,0,0
ORD-20260724,Norte,Bici,4.8,47,0,1
ORD-20260725,Norte,Moto,4.0,21,0,0
ORD-20260726,Sur,Moto,7.5,51,1,0
ORD-20260727,Centro,Moto,1.8,14,0,0
ORD-20260728,Norte,Moto,5.1,34,0,1
ORD-20260729,Centro,Moto,3.0,22,0,0
ORD-20260730,Centro,Bici,1.2,15,0,0
ORD-20260731,Centro,Bici,2.9,29,0,0
ORD-20260732,Sur,Moto,3.4,24,0,0
ORD-20260733,Norte,Moto,6.2,31,0,1
ORD-20260734,Norte,Moto,3.6,29,0,0
ORD-20260735,Centro,Moto,3.1,14,0,0
ORD-20260736,Sur,Moto,6.7,59,1,1
ORD-20260737,Centro,Moto,3.2,21,0,0
ORD-20260738,Sur,Moto,5.4,37,0,0
ORD-20260739,Centro,Moto,2.3,17,0,0
ORD-20260740,Centro,Moto,2.0,16,0,0
ORD-20260741,Centro,Moto,3.7,36,1,0
ORD-20260742,Centro,Bici,1.9,23,0,0
ORD-20260743,Norte,Moto,3.4,21,0,0
ORD-20260744,Norte,Moto,6.0,40,0,1
ORD-20260745,Centro,Bici,1.9,17,0,0
ORD-20260746,Sur,Moto,3.6,33,1,1
ORD-20260747,Centro,Moto,1.3,13,0,0
ORD-20260748,Norte,Moto,4.3,42,1,1
ORD-20260749,Sur,Moto,4.9,32,0,0
ORD-20260750,Norte,Moto,5.4,30,0,0
ORD-20260751,Centro,Moto,3.3,24,0,0
ORD-20260752,Sur,Moto,5.8,31,0,1
ORD-20260753,Norte,Moto,4.7,36,0,1
ORD-20260754,Centro,Moto,2.3,16,0,0
ORD-20260755,Centro,Bici,2.9,22,0,0
ORD-20260756,Norte,Moto,6.9,32,0,1
ORD-20260757,Norte,Bici,5.2,47,0,1
ORD-20260758,Norte,Moto,4.3,37,1,0
ORD-20260759,Sur,Moto,3.5,29,0,0
ORD-20260760,Norte,Moto,2.8,16,0,0
ORD-20260761,Centro,Bici,3.0,29,0,0
ORD-20260762,Centro,Moto,3.0,25,1,0
ORD-20260763,Centro,Bici,3.0,27,0,0
ORD-20260764,Norte,Moto,4.8,36,0,0
ORD-20260765,Centro,Moto,3.6,19,0,0
ORD-20260766,Norte,Moto,4.3,29,0,0
ORD-20260767,Norte,Moto,6.4,39,0,1
ORD-20260768,Sur,Moto,4.9,39,1,1
ORD-20260769,Centro,Bici,2.0,23,0,0
ORD-20260770,Sur,Moto,5.9,28,0,0
ORD-20260771,Centro,Bici,2.8,47,1,0
ORD-20260772,Sur,Moto,5.5,42,0,1
ORD-20260773,Centro,Bici,2.6,36,1,0
ORD-20260774,Centro,Bici,2.5,48,1,1
ORD-20260775,Norte,Moto,8.6,45,0,0
ORD-20260776,Centro,Moto,3.4,23,0,0
ORD-20260777,Centro,Moto,3.1,25,0,0
ORD-20260778,Norte,Moto,5.2,29,0,0
ORD-20260779,Norte,Moto,6.5,30,0,0
ORD-20260780,Norte,Moto,5.8,26,0,0
ORD-20260781,Norte,Moto,5.0,39,0,1
ORD-20260782,Norte,Moto,4.5,25,0,0
ORD-20260783,Centro,Bici,2.4,24,0,0
ORD-20260784,Centro,Moto,0.5,10,0,0
ORD-20260785,Centro,Moto,2.7,21,0,0
ORD-20260786,Sur,Moto,4.3,32,1,1
ORD-20260787,Norte,Moto,7.4,39,0,1
ORD-20260788,Centro,Bici,2.5,26,0,0
ORD-20260789,Centro,Bici,1.5,14,0,0
ORD-20260790,Sur,Moto,4.9,29,0,0
ORD-20260791,Centro,Bici,1.7,23,0,0
ORD-20260792,Norte,Moto,5.7,46,1,1
ORD-20260793,Norte,Moto,5.4,33,0,0
ORD-20260794,Norte,Bici,6.4,58,0,1
ORD-20260795,Centro,Bici,1.9,19,0,0
ORD-20260796,Sur,Moto,5.1,40,0,0
ORD-20260797,Sur,Moto,3.0,18,0,0
ORD-20260798,Norte,Moto,6.1,37,0,1
ORD-20260799,Norte,Moto,5.8,35,0,1
ORD-20260800,Sur,Moto,5.7,39,0,0
ORD-20260801,Norte,Moto,5.0,35,0,0
ORD-20260802,Centro,Moto,2.8,19,0,0
ORD-20260803,Norte,Moto,7.4,44,0,1
ORD-20260804,Norte,Moto,4.6,29,0,0
ORD-20260805,Centro,Bici,2.6,17,0,0
ORD-20260806,Norte,Moto,3.4,17,0,0
ORD-20260807,Sur,Moto,3.7,21,0,0
ORD-20260808,Sur,Moto,5.1,28,0,0
ORD-20260809,Centro,Moto,3.4,18,0,0
ORD-20260810,Centro,Bici,2.3,26,0,0
ORD-20260811,Sur,Moto,4.6,28,0,0
ORD-20260812,Sur,Moto,4.4,26,0,0
ORD-20260813,Centro,Bici,2.1,26,1,0
ORD-20260814,Sur,Moto,5.4,42,1,1
ORD-20260815,Sur,Moto,2.8,12,0,0
ORD-20260816,Norte,Moto,6.9,39,0,1
ORD-20260817,Norte,Moto,4.0,25,0,0
ORD-20260818,Centro,Moto,3.1,21,0,0
ORD-20260819,Centro,Bici,1.5,13,0,0
ORD-20260820,Centro,Moto,3.0,31,1,1
ORD-20260821,Sur,Moto,6.0,30,0,0
ORD-20260822,Centro,Bici,2.8,24,0,0
ORD-20260823,Centro,Bici,1.7,21,0,0
ORD-20260824,Centro,Bici,2.7,35,0,0
ORD-20260825,Norte,Bici,3.2,31,0,1
ORD-20260826,Sur,Bici,4.6,37,0,1
ORD-20260827,Centro,Moto,3.3,22,0,0
ORD-20260828,Centro,Moto,3.1,23,0,0
ORD-20260829,Norte,Moto,5.0,33,0,1
ORD-20260830,Centro,Bici,1.7,26,0,0
ORD-20260831,Centro,Moto,3.0,27,1,0
ORD-20260832,Centro,Bici,2.5,26,0,0
ORD-20260833,Centro,Bici,0.6,12,0,0
ORD-20260834,Centro,Moto,3.1,25,0,0
ORD-20260835,Centro,Bici,2.5,18,0,0
ORD-20260836,Centro,Bici,3.5,33,0,1
ORD-20260837,Sur,Moto,3.4,27,0,0
ORD-20260838,Centro,Bici,0.5,13,0,0
ORD-20260839,Norte,Moto,5.4,35,0,1
ORD-20260840,Norte,Moto,5.4,30,0,0
ORD-20260841,Centro,Bici,1.1,12,0,0
ORD-20260842,Norte,Moto,3.5,43,1,1
ORD-20260843,Centro,Moto,4.7,43,1,1
ORD-20260844,Sur,Moto,4.5,33,1,1
ORD-20260845,Centro,Moto,3.1,20,0,0
ORD-20260846,Centro,Moto,2.0,26,1,0
ORD-20260847,Centro,Bici,0.8,12,0,0
ORD-20260848,Sur,Moto,4.7,25,0,0
ORD-20260849,Norte,Moto,4.6,25,0,0
ORD-20260850,Norte,Moto,4.4,20,0,0
ORD-20260851,Centro,Bici,2.4,28,0,0
ORD-20260852,Norte,Moto,5.4,30,0,0
ORD-20260853,Centro,Bici,2.4,26,0,0
ORD-20260854,Sur,Moto,3.1,25,0,0
ORD-20260855,Centro,Bici,2.9,29,0,0
ORD-20260856,Centro,Bici,0.9,12,0,0
ORD-20260857,Centro,Bici,0.9,13,0,0
ORD-20260858,Centro,Moto,3.1,21,0,0
ORD-20260859,Norte,Moto,5.8,52,1,0
ORD-20260860,Centro,Moto,2.5,18,0,0
ORD-20260861,Norte,Moto,2.9,18,0,0
ORD-20260862,Centro,Bici,1.9,23,0,0
ORD-20260863,Norte,Bici,4.6,50,0,1
ORD-20260864,Centro,Bici,1.2,12,0,0
ORD-20260865,Centro,Bici,1.9,25,0,0
ORD-20260866,Norte,Moto,6.0,47,1,0
ORD-20260867,Centro,Moto,3.6,24,0,0
ORD-20260868,Centro,Bici,2.2,26,0,0
ORD-20260869,Sur,Moto,6.1,32,0,1
ORD-20260870,Sur,Moto,2.1,18,0,0
ORD-20260871,Centro,Moto,3.0,19,0,0
ORD-20260872,Centro,Bici,1.9,16,0,0
ORD-20260873,Norte,Moto,5.5,28,0,0
ORD-20260874,Centro,Bici,2.3,25,0,0
ORD-20260875,Centro,Moto,3.6,20,0,0
ORD-20260876,Centro,Bici,1.8,24,0,0
ORD-20260877,Norte,Moto,5.9,41,0,0
ORD-20260878,Norte,Moto,4.6,34,0,0
ORD-20260879,Centro,Bici,2.4,25,0,0
ORD-20260880,Centro,Moto,2.4,18,0,0
ORD-20260881,Centro,Bici,1.8,16,0,0
ORD-20260882,Norte,Moto,5.0,34,0,1
ORD-20260883,Centro,Bici,2.4,26,0,0
ORD-20260884,Centro,Bici,2.7,29,0,0
ORD-20260885,Norte,Moto,5.1,38,0,1
ORD-20260886,Centro,Moto,3.1,19,0,0
ORD-20260887,Norte,Moto,6.4,36,0,1
ORD-20260888,Centro,Bici,1.7,20,0,0
ORD-20260889,Centro,Moto,3.2,18,0,0
ORD-20260890,Centro,Bici,1.6,17,0,0
ORD-20260891,Norte,Moto,5.9,37,0,1
ORD-20260892,Sur,Moto,5.9,33,0,0
ORD-20260893,Sur,Moto,2.1,19,0,0
ORD-20260894,Centro,Bici,2.6,20,0,1
ORD-20260895,Norte,Moto,4.3,31,0,0
ORD-20260896,Centro,Bici,1.9,33,1,1
ORD-20260897,Centro,Moto,3.6,21,0,0
ORD-20260898,Sur,Moto,4.0,22,0,0
ORD-20260899,Centro,Bici,1.9,14,0,0
ORD-20260900,Centro,Bici,2.6,23,0,0
ORD-20260901,Centro,Moto,3.0,35,1,1
ORD-20260902,Centro,Bici,2.4,24,0,0
ORD-20260903,Centro,Moto,3.4,38,1,1
ORD-20260904,Norte,Moto,5.8,31,0,0
ORD-20260905,Centro,Bici,0.8,13,0,0
ORD-20260906,Sur,Bici,4.2,34,0,0
ORD-20260907,Sur,Moto,4.2,22,0,0
ORD-20260908,Centro,Bici,2.9,28,0,0
ORD-20260909,Centro,Bici,0.5,10,0,0
ORD-20260910,Centro,Moto,4.5,21,0,0
ORD-20260911,Norte,Moto,5.8,33,0,0
ORD-20260912,Centro,Bici,2.6,26,0,0
ORD-20260913,Norte,Moto,6.8,46,0,1
ORD-20260914,Centro,Moto,4.4,31,0,1
ORD-20260915,Norte,Moto,6.3,43,0,1
ORD-20260916,Centro,Moto,3.3,24,0,0
ORD-20260917,Centro,Bici,2.6,27,0,0
ORD-20260918,Sur,Moto,4.8,32,1,1
ORD-20260919,Norte,Moto,4.3,27,0,0
ORD-20260920,Centro,Bici,1.8,21,0,0
ORD-20260921,Sur,Moto,4.0,30,0,0
ORD-20260922,Centro,Moto,1.4,13,0,0
ORD-20260923,Sur,Bici,4.9,52,0,1
ORD-20260924,Norte,Moto,2.5,15,0,0
ORD-20260925,Centro,Bici,2.7,25,0,0
ORD-20260926,Centro,Bici,2.5,27,0,0
ORD-20260927,Centro,Bici,2.6,30,0,0
ORD-20260928,Norte,Moto,4.2,35,1,0
ORD-20260929,Norte,Moto,9.6,52,0,0
ORD-20260930,Centro,Moto,3.6,25,0,0
ORD-20260931,Centro,Moto,1.5,10,0,0
ORD-20260932,Sur,Moto,5.3,39,0,1
ORD-20260933,Sur,Moto,4.1,22,0,0
ORD-20260934,Norte,Moto,3.5,16,0,0
ORD-20260935,Centro,Bici,1.4,16,0,0
ORD-20260936,Centro,Bici,2.8,47,1,0
ORD-20260937,Centro,Bici,2.0,23,0,0
ORD-20260938,Sur,Moto,6.5,42,0,1
ORD-20260939,Centro,Moto,3.3,22,0,0
ORD-20260940,Norte,Moto,7.1,40,0,0
ORD-20260941,Centro,Moto,1.8,11,0,0
ORD-20260942,Norte,Bici,5.7,33,0,0
ORD-20260943,Norte,Moto,5.9,46,1,1
ORD-20260944,Sur,Moto,4.3,32,0,1
ORD-20260945,Centro,Bici,1.9,21,0,0
ORD-20260946,Centro,Moto,3.8,26,0,0
ORD-20260947,Centro,Bici,2.7,33,0,1
ORD-20260948,Sur,Moto,6.0,37,0,0
ORD-20260949,Sur,Moto,3.8,24,0,0
ORD-20260950,Norte,Bici,3.2,36,1,1
ORD-20260951,Norte,Moto,4.1,33,0,0
ORD-20260952,Norte,Moto,4.8,31,0,1
ORD-20260953,Centro,Bici,1.6,15,0,0
ORD-20260954,Sur,Moto,5.0,25,0,0
ORD-20260955,Centro,Bici,1.1,16,0,0
ORD-20260956,Centro,Bici,1.6,15,0,0
ORD-20260957,Norte,Moto,6.0,45,0,0
ORD-20260958,Centro,Moto,3.0,12,0,0
ORD-20260959,Centro,Bici,2.2,27,0,0
ORD-20260960,Norte,Moto,3.5,24,0,0
ORD-20260961,Centro,Bici,1.7,19,0,0
ORD-20260962,Norte,Moto,4.4,26,0,0
ORD-20260963,Centro,Moto,3.0,26,0,0
ORD-20260964,Centro,Moto,3.2,23,0,0
ORD-20260965,Centro,Moto,2.1,13,0,0
ORD-20260966,Centro,Bici,1.6,13,0,0
ORD-20260967,Norte,Bici,5.4,49,0,0
ORD-20260968,Centro,Bici,1.8,19,0,0
ORD-20260969,Norte,Moto,4.2,20,0,0
ORD-20260970,Centro,Moto,3.6,23,0,0
ORD-20260971,Norte,Moto,6.2,33,0,0
ORD-20260972,Sur,Moto,5.2,41,1,1
ORD-20260973,Norte,Moto,3.1,23,0,0
ORD-20260974,Centro,Moto,2.7,23,0,0
ORD-20260975,Centro,Moto,3.4,36,1,0
ORD-20260976,Centro,Bici,2.2,20,0,0
ORD-20260977,Norte,Bici,7.0,64,0,0
ORD-20260978,Centro,Moto,3.5,23,0,0
ORD-20260979,Centro,Moto,3.8,19,0,0
ORD-20260980,Norte,Moto,5.5,34,0,1
ORD-20260981,Centro,Moto,3.0,26,0,0
ORD-20260982,Norte,Moto,7.1,41,0,0
ORD-20260983,Centro,Moto,2.9,15,0,0
ORD-20260984,Centro,Bici,2.1,22,0,0
ORD-20260985,Norte,Moto,4.3,22,0,0
ORD-20260986,Centro,Moto,2.7,21,0,0
ORD-20260987,Norte,Moto,3.1,22,0,0
ORD-20260988,Centro,Bici,2.4,24,0,0
ORD-20260989,Centro,Moto,3.4,21,0,0
ORD-20260990,Sur,Moto,1.7,13,0,0
ORD-20260991,Norte,Moto,7.3,42,0,0
ORD-20260992,Norte,Moto,6.7,34,0,0
ORD-20260993,Centro,Bici,2.1,17,0,0
ORD-20260994,Norte,Moto,5.8,40,0,1
ORD-20260995,Centro,Bici,2.5,24,0,0
ORD-20260996,Centro,Moto,3.5,23,0,0
ORD-20260997,Sur,Bici,6.5,70,1,1
ORD-20260998,Centro,Moto,1.4,13,0,0
ORD-20260999,Sur,Moto,5.9,28,0,0
ORD-20261000,Centro,Moto,2.3,12,0,0
ORD-20261001,Centro,Bici,2.6,24,0,0
ORD-20261002,Norte,Moto,3.9,26,0,0
ORD-20261003,Sur,Moto,7.6,38,0,0
ORD-20261004,Norte,Moto,6.6,36,0,1
ORD-20261005,Sur,Moto,3.9,32,0,1
ORD-20261006,Norte,Moto,3.0,14,0,0
ORD-20261007,Norte,Moto,4.4,24,0,0
ORD-20261008,Sur,Moto,5.7,43,0,1
ORD-20261009,Centro,Bici,2.7,26,0,0
ORD-20261010,Centro,Moto,3.5,20,0,0
ORD-20261011,Centro,Moto,3.1,24,0,0
ORD-20261012,Sur,Moto,6.5,48,1,1
ORD-20261013,Sur,Moto,5.5,31,0,0
ORD-20261014,Centro,Bici,1.4,27,1,0
ORD-20261015,Norte,Moto,4.7,26,0,0
ORD-20261016,Sur,Moto,6.6,32,0,0
ORD-20261017,Centro,Moto,2.5,17,0,0
ORD-20261018,Norte,Moto,5.8,29,0,0
ORD-20261019,Sur,Moto,4.5,28,0,0
ORD-20261020,Centro,Bici,1.7,20,0,0
ORD-20261021,Norte,Moto,4.8,33,0,1
ORD-20261022,Centro,Bici,2.7,31,0,1
ORD-20261023,Sur,Moto,4.0,23,0,0
ORD-20261024,Sur,Moto,4.6,30,0,0
ORD-20261025,Sur,Moto,3.6,25,0,0
ORD-20261026,Centro,Moto,3.4,23,0,1
ORD-20261027,Sur,Bici,4.6,39,0,0
ORD-20261028,Sur,Moto,7.2,35,0,0
ORD-20261029,Centro,Moto,3.7,25,0,0
ORD-20261030,Sur,Moto,4.9,22,0,0
ORD-20261031,Centro,Bici,1.7,18,0,0
ORD-20261032,Norte,Moto,1.9,10,0,0
ORD-20261033,Centro,Bici,1.3,12,0,0
ORD-20261034,Centro,Bici,1.4,14,0,0
ORD-20261035,Centro,Moto,3.6,27,0,0
ORD-20261036,Norte,Moto,5.2,34,0,0
ORD-20261037,Centro,Bici,2.8,25,0,0
ORD-20261038,Norte,Moto,1.7,15,0,0
ORD-20261039,Centro,Moto,1.5,14,0,0
ORD-20261040,Centro,Moto,3.2,20,0,0
ORD-20261041,Norte,Moto,5.4,33,1,0
ORD-20261042,Norte,Bici,4.8,42,0,1
ORD-20261043,Centro,Moto,3.0,20,0,0
ORD-20261044,Norte,Moto,7.5,43,1,1
ORD-20261045,Sur,Moto,4.7,30,0,0
ORD-20261046,Norte,Moto,5.1,42,1,0
ORD-20261047,Centro,Bici,2.7,28,0,0
ORD-20261048,Centro,Moto,4.4,28,0,0
ORD-20261049,Sur,Bici,1.9,22,0,0
ORD-20261050,Centro,Moto,3.0,19,0,0
ORD-20261051,Sur,Moto,4.8,30,0,0
ORD-20261052,Norte,Moto,5.9,32,0,0
ORD-20261053,Sur,Moto,4.0,23,0,0
ORD-20261054,Norte,Moto,4.9,35,0,1
ORD-20261055,Sur,Bici,6.1,37,0,0
ORD-20261056,Centro,Moto,5.0,34,0,1
ORD-20261057,Norte,Moto,6.2,42,1,1
ORD-20261058,Centro,Moto,1.8,12,0,0
ORD-20261059,Centro,Bici,2.2,23,0,0
ORD-20261060,Norte,Moto,4.3,21,0,0
ORD-20261061,Sur,Moto,2.3,14,0,0
ORD-20261062,Sur,Moto,4.5,24,0,0
ORD-20261063,Norte,Moto,6.1,34,0,1
ORD-20261064,Centro,Bici,1.5,15,0,0
ORD-20261065,Centro,Moto,3.3,27,0,0
ORD-20261066,Norte,Moto,5.7,43,0,0
ORD-20261067,Centro,Moto,1.9,10,0,0
ORD-20261068,Centro,Bici,2.4,26,0,0
ORD-20261069,Centro,Moto,3.8,27,0,0
ORD-20261070,Centro,Moto,3.1,33,1,1
ORD-20261071,Centro,Bici,2.5,32,1,1
ORD-20261072,Centro,Moto,2.3,16,0,0
ORD-20261073,Centro,Moto,2.6,16,0,0
ORD-20261074,Centro,Bici,2.1,30,1,0
ORD-20261075,Sur,Moto,1.8,11,0,0
ORD-20261076,Centro,Moto,4.1,25,0,0
ORD-20261077,Centro,Bici,2.6,20,0,0
ORD-20261078,Norte,Moto,5.6,42,1,1
ORD-20261079,Centro,Bici,2.5,20,0,0
ORD-20261080,Sur,Moto,3.9,25,0,0
ORD-20261081,Norte,Moto,4.7,26,0,1
ORD-20261082,Centro,Bici,1.2,15,0,0
ORD-20261083,Centro,Moto,4.3,31,0,1
ORD-20261084,Sur,Bici,3.1,37,0,1
ORD-20261085,Sur,Bici,3.5,20,0,0
ORD-20261086,Centro,Bici,2.1,19,0,0
ORD-20261087,Norte,Moto,6.9,38,0,1
ORD-20261088,Centro,Moto,2.5,19,0,0
ORD-20261089,Sur,Moto,3.1,15,0,0
ORD-20261090,Centro,Moto,3.5,19,0,0
ORD-20261091,Sur,Moto,6.1,36,0,0
ORD-20261092,Norte,Moto,5.8,34,0,0
ORD-20261093,Norte,Moto,6.1,38,0,1
ORD-20261094,Norte,Moto,8.6,62,1,1
ORD-20261095,Centro,Moto,4.2,27,0,0
ORD-20261096,Centro,Bici,2.0,22,0,0
ORD-20261097,Centro,Moto,3.8,24,0,0
ORD-20261098,Centro,Bici,2.8,30,0,0
ORD-20261099,Norte,Moto,5.7,29,1,0
ORD-20261100,Centro,Bici,1.1,17,0,0
ORD-20261101,Centro,Bici,2.4,16,0,0
ORD-20261102,Sur,Moto,3.8,28,1,0
ORD-20261103,Sur,Moto,6.2,35,0,1
ORD-20261104,Sur,Moto,6.6,42,0,0
ORD-20261105,Sur,Moto,1.9,10,0,0
ORD-20261106,Centro,Bici,2.5,25,0,0
ORD-20261107,Centro,Moto,3.4,36,1,0
ORD-20261108,Norte,Moto,4.7,33,0,0
ORD-20261109,Norte,Moto,6.1,41,1,0
ORD-20261110,Centro,Bici,2.8,36,1,0
ORD-20261111,Sur,Moto,5.5,29,0,0
ORD-20261112,Centro,Bici,2.3,22,0,0
ORD-20261113,Centro,Bici,1.5,14,0,0
ORD-20261114,Norte,Moto,3.3,19,0,0
ORD-20261115,Norte,Moto,6.1,38,0,1
ORD-20261116,Norte,Moto,5.0,31,0,0
ORD-20261117,Centro,Bici,2.4,26,0,0
ORD-20261118,Sur,Moto,4.4,38,1,0
ORD-20261119,Centro,Moto,2.3,18,0,0
ORD-20261120,Centro,Moto,3.3,24,0,0
ORD-20261121,Sur,Moto,4.5,28,1,0
ORD-20261122,Sur,Moto,3.0,17,0,0
ORD-20261123,Sur,Moto,6.1,34,0,1
ORD-20261124,Sur,Bici,4.7,42,0,1
ORD-20261125,Norte,Moto,5.0,27,0,0
ORD-20261126,Norte,Moto,7.4,48,0,0
ORD-20261127,Centro,Bici,2.5,32,0,1
ORD-20261128,Centro,Bici,2.7,27,0,0
ORD-20261129,Centro,Moto,1.6,23,1,0
ORD-20261130,Centro,Moto,2.3,19,0,0
ORD-20261131,Norte,Bici,5.9,38,0,0
ORD-20261132,Centro,Moto,1.3,12,0,0
ORD-20261133,Centro,Bici,2.7,31,0,0
ORD-20261134,Centro,Bici,2.6,23,0,0
ORD-20261135,Norte,Moto,5.1,33,1,1
ORD-20261136,Centro,Moto,3.3,21,0,0
ORD-20261137,Sur,Moto,5.5,32,0,0
ORD-20261138,Centro,Moto,3.7,20,0,0
ORD-20261139,Centro,Bici,1.7,24,0,0
ORD-20261140,Norte,Moto,5.2,29,0,0
ORD-20261141,Sur,Moto,5.1,25,0,0
ORD-20261142,Centro,Moto,1.6,13,0,0
ORD-20261143,Norte,Moto,6.4,42,0,0
ORD-20261144,Norte,Moto,8.5,48,0,0
ORD-20261145,Centro,Bici,2.5,27,0,0
ORD-20261146,Sur,Moto,5.8,30,0,0
ORD-20261147,Norte,Moto,5.1,50,1,1
ORD-20261148,Norte,Moto,3.9,27,0,0
ORD-20261149,Sur,Moto,2.3,19,0,0
ORD-20261150,Sur,Moto,3.9,26,0,0
ORD-20261151,Norte,Moto,2.9,22,0,0
ORD-20261152,Sur,Moto,7.6,37,0,1
ORD-20261153,Norte,Moto,4.8,27,0,0
ORD-20261154,Norte,Moto,4.5,33,0,0
ORD-20261155,Norte,Moto,6.3,45,0,1
ORD-20261156,Norte,Moto,3.3,26,1,0
ORD-20261157,Centro,Bici,1.9,21,0,0
ORD-20261158,Sur,Bici,5.1,43,0,1
ORD-20261159,Sur,Moto,6.5,34,0,0
ORD-20261160,Centro,Moto,2.9,31,1,1
ORD-20261161,Sur,Moto,5.4,37,0,1
ORD-20261162,Centro,Bici,2.6,28,0,0
ORD-20261163,Centro,Bici,2.8,36,1,0
ORD-20261164,Norte,Moto,5.3,34,0,1
ORD-20261165,Centro,Bici,1.7,18,0,0
ORD-20261166,Sur,Bici,5.1,49,0,0
ORD-20261167,Sur,Moto,3.4,39,1,1
ORD-20261168,Norte,Moto,5.1,28,1,0
ORD-20261169,Centro,Moto,2.1,29,1,0
ORD-20261170,Centro,Moto,4.5,21,0,0
ORD-20261171,Norte,Moto,4.9,47,1,1
ORD-20261172,Sur,Moto,2.9,18,0,0
ORD-20261173,Norte,Bici,4.8,35,0,0
ORD-20261174,Centro,Moto,2.9,22,0,0
ORD-20261175,Norte,Moto,7.5,45,0,0
ORD-20261176,Norte,Moto,4.1,22,0,0
ORD-20261177,Norte,Moto,2.6,15,0,0
ORD-20261178,Centro,Moto,3.2,30,1,0
ORD-20261179,Norte,Moto,2.9,16,0,0
ORD-20261180,Norte,Bici,4.3,33,0,1
ORD-20261181,Sur,Moto,4.6,39,1,1
ORD-20261182,Centro,Bici,2.4,21,0,0
ORD-20261183,Norte,Moto,6.0,37,0,1
ORD-20261184,Sur,Moto,4.0,31,0,0
ORD-20261185,Centro,Bici,2.3,23,0,0
ORD-20261186,Sur,Moto,5.0,31,0,1
ORD-20261187,Norte,Moto,5.2,40,0,1
ORD-20261188,Centro,Moto,2.6,23,1,0
ORD-20261189,Centro,Bici,2.8,32,0,1
ORD-20261190,Norte,Moto,6.3,42,0,1
ORD-20261191,Centro,Bici,2.8,31,0,1
ORD-20261192,Norte,Moto,5.7,40,0,1
ORD-20261193,Centro,Moto,1.2,11,0,0
ORD-20261194,Norte,Moto,5.1,37,1,0
ORD-20261195,Centro,Bici,2.9,33,0,1
ORD-20261196,Sur,Moto,6.1,42,0,0
ORD-20261197,Sur,Moto,4.0,41,1,0
ORD-20261198,Sur,Moto,4.0,25,0,1
ORD-20261199,Norte,Bici,4.1,34,0,0
ORD-20261200,Centro,Moto,2.9,20,0,0
ORD-20261201,Norte,Moto,6.6,43,0,1
ORD-20261202,Centro,Bici,2.2,26,0,0
ORD-20261203,Centro,Bici,3.2,29,0,0
ORD-20261204,Centro,Bici,2.6,27,0,0
ORD-20261205,Centro,Bici,2.4,19,0,0
ORD-20261206,Norte,Bici,4.7,60,1,0
ORD-20261207,Norte,Moto,6.1,40,1,1
ORD-20261208,Centro,Bici,2.8,31,0,1
ORD-20261209,Centro,Moto,4.3,22,0,0
ORD-20261210,Sur,Moto,3.7,27,0,0
ORD-20261211,Centro,Bici,2.9,30,0,0
ORD-20261212,Centro,Bici,2.1,28,1,0
ORD-20261213,Centro,Bici,1.8,32,1,0
ORD-20261214,Norte,Moto,5.0,36,1,1
ORD-20261215,Norte,Moto,5.2,34,0,0
ORD-20261216,Centro,Moto,4.8,37,1,1
ORD-20261217,Centro,Bici,2.4,25,1,0
ORD-20261218,Norte,Bici,3.3,27,0,0
ORD-20261219,Norte,Bici,5.4,45,0,1
ORD-20261220,Centro,Bici,0.8,14,0,0
ORD-20261221,Sur,Moto,4.9,33,0,1
ORD-20261222,Centro,Bici,2.5,44,1,1
ORD-20261223,Centro,Moto,3.1,26,0,0
ORD-20261224,Sur,Moto,6.5,34,0,1
ORD-20261225,Centro,Bici,2.1,21,0,0
ORD-20261226,Norte,Moto,4.8,27,0,0
ORD-20261227,Centro,Bici,1.9,27,1,0
ORD-20261228,Centro,Moto,1.6,10,0,0
ORD-20261229,Sur,Moto,5.5,32,0,1
ORD-20261230,Centro,Bici,1.5,14,0,0
ORD-20261231,Sur,Moto,4.4,27,0,0
ORD-20261232,Centro,Bici,1.7,25,0,0
ORD-20261233,Centro,Bici,2.9,35,1,1
ORD-20261234,Centro,Moto,3.9,25,0,0
ORD-20261235,Norte,Moto,3.0,23,0,0
ORD-20261236,Centro,Bici,1.0,14,0,0
ORD-20261237,Sur,Moto,4.8,30,0,0
ORD-20261238,Centro,Bici,2.5,33,1,1
ORD-20261239,Sur,Moto,5.3,30,0,0
ORD-20261240,Centro,Bici,2.1,19,0,0
ORD-20261241,Sur,Moto,4.7,32,0,1
ORD-20261242,Norte,Moto,5.6,24,0,0
ORD-20261243,Norte,Moto,6.6,44,0,1
ORD-20261244,Sur,Moto,2.1,12,0,0
ORD-20261245,Norte,Moto,4.4,31,0,1
ORD-20261246,Norte,Bici,5.3,54,1,1
ORD-20261247,Centro,Bici,1.8,16,0,0
ORD-20261248,Centro,Moto,3.9,27,0,0
ORD-20261249,Sur,Moto,4.0,40,1,1
ORD-20261250,Norte,Moto,4.9,37,1,1
ORD-20261251,Norte,Moto,5.8,38,0,1
ORD-20261252,Centro,Bici,2.0,14,0,0
ORD-20261253,Centro,Bici,1.0,10,0,0
ORD-20261254,Centro,Bici,2.2,27,0,0
ORD-20261255,Norte,Bici,6.5,55,0,1
ORD-20261256,Centro,Bici,2.2,16,0,0
ORD-20261257,Centro,Bici,1.8,17,0,0
ORD-20261258,Centro,Moto,3.2,18,0,0
ORD-20261259,Centro,Moto,2.2,16,0,0
ORD-20261260,Norte,Moto,4.2,25,0,0
ORD-20261261,Centro,Moto,2.6,18,0,0
ORD-20261262,Norte,Moto,6.2,36,0,1
ORD-20261263,Centro,Moto,4.4,33,0,0
ORD-20261264,Centro,Moto,3.2,22,0,0
ORD-20261265,Centro,Moto,3.4,24,0,0
ORD-20261266,Centro,Moto,2.1,18,0,0
ORD-20261267,Centro,Moto,1.7,13,0,0
ORD-20261268,Centro,Bici,2.5,20,0,0
ORD-20261269,Norte,Moto,5.2,37,0,1
ORD-20261270,Centro,Bici,1.6,18,0,0
ORD-20261271,Norte,Moto,4.7,29,0,0
ORD-20261272,Sur,Moto,5.6,30,0,0
ORD-20261273,Norte,Bici,5.5,44,0,1
ORD-20261274,Centro,Bici,2.9,32,0,1
ORD-20261275,Centro,Bici,2.7,31,0,1
ORD-20261276,Centro,Bici,2.1,24,0,0
ORD-20261277,Centro,Bici,2.1,24,0,0
ORD-20261278,Sur,Moto,3.2,23,0,0
ORD-20261279,Centro,Moto,3.9,25,0,0
ORD-20261280,Centro,Bici,2.5,24,0,0
ORD-20261281,Norte,Moto,4.7,34,0,1
ORD-20261282,Norte,Moto,3.6,22,0,0
ORD-20261283,Norte,Moto,9.4,55,0,1
ORD-20261284,Centro,Bici,1.6,16,0,0
ORD-20261285,Centro,Bici,2.2,20,0,0
ORD-20261286,Norte,Moto,5.6,32,0,1
ORD-20261287,Centro,Moto,3.0,18,0,0
ORD-20261288,Centro,Moto,3.3,24,0,0
ORD-20261289,Centro,Moto,3.9,20,0,0
ORD-20261290,Centro,Bici,2.9,29,0,0
ORD-20261291,Centro,Bici,1.7,19,0,0
ORD-20261292,Centro,Bici,2.3,17,0,0
ORD-20261293,Norte,Moto,5.5,30,0,0
ORD-20261294,Norte,Moto,8.1,47,0,1
ORD-20261295,Sur,Bici,2.9,30,0,0
ORD-20261296,Centro,Moto,3.5,22,0,0
ORD-20261297,Centro,Bici,2.6,39,1,1
ORD-20261298,Centro,Moto,3.2,21,0,0
ORD-20261299,Norte,Moto,4.8,29,0,0
ORD-20261300,Norte,Moto,3.7,24,0,0
ORD-20261301,Centro,Moto,3.1,35,1,1
ORD-20261302,Sur,Moto,6.0,40,1,0
ORD-20261303,Centro,Moto,3.3,20,0,0
ORD-20261304,Norte,Moto,5.0,27,0,0
ORD-20261305,Norte,Moto,4.1,24,0,0
ORD-20261306,Sur,Moto,2.7,22,0,0
ORD-20261307,Norte,Moto,6.2,39,0,1
ORD-20261308,Sur,Moto,5.6,36,1,0
ORD-20261309,Centro,Bici,1.7,17,0,0
ORD-20261310,Sur,Bici,4.2,41,0,1
ORD-20261311,Centro,Bici,2.1,19,0,0
ORD-20261312,Sur,Moto,2.8,17,0,0
ORD-20261313,Norte,Moto,3.8,29,0,0
ORD-20261314,Sur,Moto,3.3,20,0,0
ORD-20261315,Centro,Bici,2.2,26,0,1
ORD-20261316,Norte,Moto,3.9,29,0,0
ORD-20261317,Norte,Moto,2.6,16,0,0
ORD-20261318,Norte,Moto,8.0,39,0,1
ORD-20261319,Centro,Moto,3.5,22,0,0
ORD-20261320,Centro,Bici,1.9,17,0,0
ORD-20261321,Centro,Moto,2.7,19,0,0
ORD-20261322,Centro,Moto,2.8,18,0,0
ORD-20261323,Sur,Moto,6.8,52,1,0
ORD-20261324,Centro,Bici,1.8,36,1,0
ORD-20261325,Sur,Moto,6.6,43,0,1
ORD-20261326,Centro,Bici,2.1,23,0,0
ORD-20261327,Centro,Bici,1.4,11,0,0
ORD-20261328,Norte,Moto,6.1,49,1,0
ORD-20261329,Norte,Moto,6.9,50,0,1
ORD-20261330,Centro,Moto,4.6,15,0,0
ORD-20261331,Norte,Moto,3.2,23,0,0
ORD-20261332,Norte,Moto,6.0,34,0,1
ORD-20261333,Centro,Bici,2.2,20,0,0
ORD-20261334,Sur,Moto,6.2,40,0,0
ORD-20261335,Sur,Moto,2.8,24,0,0
ORD-20261336,Norte,Bici,3.1,44,1,0
ORD-20261337,Centro,Bici,1.9,19,0,0
ORD-20261338,Norte,Moto,5.1,35,1,1
ORD-20261339,Centro,Bici,2.0,21,0,0
ORD-20261340,Centro,Moto,3.0,23,0,0
ORD-20261341,Centro,Moto,3.3,30,1,0
ORD-20261342,Centro,Moto,3.0,29,1,0
ORD-20261343,Sur,Moto,7.4,60,0,1
ORD-20261344,Norte,Moto,5.6,38,0,1
ORD-20261345,Norte,Moto,3.2,25,0,0
ORD-20261346,Centro,Moto,3.6,18,0,0
ORD-20261347,Centro,Bici,2.0,19,0,0
ORD-20261348,Centro,Moto,3.2,21,0,0
ORD-20261349,Sur,Bici,7.4,55,0,0
ORD-20261350,Centro,Bici,2.9,35,0,1
ORD-20261351,Sur,Moto,2.8,23,0,0
ORD-20261352,Norte,Bici,3.6,31,0,0
ORD-20261353,Centro,Moto,3.6,29,0,0
ORD-20261354,Norte,Moto,4.7,28,0,0
ORD-20261355,Centro,Bici,2.6,36,0,0
ORD-20261356,Sur,Moto,6.1,36,0,0
ORD-20261357,Sur,Moto,6.0,38,0,1
ORD-20261358,Centro,Bici,2.7,32,0,1
ORD-20261359,Centro,Bici,2.3,28,0,0
ORD-20261360,Norte,Moto,4.5,30,0,0
ORD-20261361,Sur,Moto,6.3,36,0,1
ORD-20261362,Centro,Bici,2.9,30,0,0
ORD-20261363,Norte,Moto,4.6,25,0,0
ORD-20261364,Norte,Moto,6.6,49,1,1
ORD-20261365,Norte,Moto,4.8,24,0,0
ORD-20261366,Centro,Bici,1.8,22,1,0
ORD-20261367,Norte,Moto,3.9,25,0,0
ORD-20261368,Sur,Moto,3.5,27,0,0
ORD-20261369,Centro,Bici,2.3,27,0,0
ORD-20261370,Centro,Moto,3.5,22,0,0
ORD-20261371,Sur,Moto,3.8,43,1,1
ORD-20261372,Centro,Moto,2.7,17,0,0
ORD-20261373,Sur,Moto,4.0,18,0,0
ORD-20261374,Centro,Bici,2.3,16,0,0
ORD-20261375,Centro,Bici,1.3,13,0,0
ORD-20261376,Sur,Moto,4.7,32,0,1
ORD-20261377,Centro,Moto,2.3,15,0,0
ORD-20261378,Norte,Moto,5.8,47,1,1
ORD-20261379,Centro,Bici,2.7,33,0,1
ORD-20261380,Norte,Moto,3.2,18,0,0
ORD-20261381,Centro,Moto,3.4,24,0,0
ORD-20261382,Centro,Bici,2.7,29,0,0
ORD-20261383,Sur,Moto,5.3,27,0,0
ORD-20261384,Centro,Moto,2.5,33,1,1
ORD-20261385,Norte,Moto,4.2,25,0,0
ORD-20261386,Centro,Moto,2.7,17,0,0
ORD-20261387,Norte,Moto,5.7,57,1,1
ORD-20261388,Centro,Bici,1.1,15,0,0
ORD-20261389,Sur,Moto,4.2,30,0,0
ORD-20261390,Centro,Bici,2.3,28,0,0
ORD-20261391,Centro,Bici,2.7,33,1,1
ORD-20261392,Centro,Moto,3.5,27,0,0
ORD-20261393,Centro,Bici,1.9,19,0,0
ORD-20261394,Norte,Moto,4.3,24,0,0
ORD-20261395,Centro,Bici,2.1,21,0,0
ORD-20261396,Sur,Moto,3.8,22,0,0
ORD-20261397,Centro,Bici,2.2,25,0,0
ORD-20261398,Centro,Bici,3.1,31,0,0
ORD-20261399,Norte,Moto,3.4,30,1,0
ORD-20261400,Norte,Bici,5.6,55,0,0
ORD-20261401,Centro,Moto,1.1,10,0,0
ORD-20261402,Centro,Moto,2.1,15,0,0
ORD-20261403,Centro,Bici,2.2,23,0,0
ORD-20261404,Norte,Moto,7.5,56,1,1
ORD-20261405,Norte,Moto,4.6,30,0,0
ORD-20261406,Centro,Moto,0.7,10,0,0
ORD-20261407,Sur,Moto,2.0,17,0,0
ORD-20261408,Sur,Moto,5.1,29,0,0
ORD-20261409,Norte,Moto,5.9,31,0,1
ORD-20261410,Sur,Moto,5.6,26,0,0
ORD-20261411,Centro,Bici,2.6,30,0,0
ORD-20261412,Centro,Moto,3.4,22,0,0
ORD-20261413,Centro,Bici,2.1,22,0,0
ORD-20261414,Centro,Moto,3.2,24,0,0
ORD-20261415,Norte,Moto,2.6,17,0,0
ORD-20261416,Sur,Moto,3.6,18,0,0
ORD-20261417,Centro,Moto,1.1,11,0,0
ORD-20261418,Centro,Bici,2.3,24,0,0
ORD-20261419,Centro,Bici,2.5,24,0,0
ORD-20261420,Sur,Moto,5.2,38,0,0
ORD-20261421,Centro,Bici,2.5,16,0,0
ORD-20261422,Norte,Moto,3.6,27,0,0
ORD-20261423,Centro,Moto,2.3,18,0,0
ORD-20261424,Centro,Bici,1.3,16,0,0
ORD-20261425,Sur,Bici,7.0,35,1,0
ORD-20261426,Sur,Moto,4.5,33,0,1
ORD-20261427,Centro,Bici,2.1,18,0,0
ORD-20261428,Sur,Moto,7.4,39,0,1
ORD-20261429,Norte,Bici,3.1,29,0,0
ORD-20261430,Sur,Moto,3.3,23,0,0
ORD-20261431,Centro,Bici,1.6,20,0,0
ORD-20261432,Norte,Bici,4.9,50,0,1
ORD-20261433,Centro,Bici,2.8,31,0,0
ORD-20261434,Norte,Moto,6.1,37,0,1
ORD-20261435,Centro,Moto,4.6,30,0,0
ORD-20261436,Centro,Moto,0.7,10,0,0
ORD-20261437,Centro,Moto,3.0,18,0,0
ORD-20261438,Norte,Moto,4.2,29,0,0
ORD-20261439,Centro,Bici,2.0,24,0,0
ORD-20261440,Norte,Moto,4.1,28,0,0
ORD-20261441,Sur,Moto,3.6,21,0,0
ORD-20261442,Centro,Moto,3.8,27,0,0
ORD-20261443,Norte,Moto,6.3,30,0,0
ORD-20261444,Centro,Bici,2.5,29,0,0
ORD-20261445,Sur,Moto,7.0,38,0,0
ORD-20261446,Centro,Moto,1.3,14,0,0
ORD-20261447,Norte,Moto,3.0,15,0,0
ORD-20261448,Sur,Moto,1.7,17,0,0
ORD-20261449,Sur,Moto,4.0,24,0,0
ORD-20261450,Norte,Moto,5.2,29,0,0
ORD-20261451,Centro,Bici,2.6,27,0,0
ORD-20261452,Norte,Moto,5.2,28,0,0
ORD-20261453,Sur,Moto,2.9,29,1,0
ORD-20261454,Norte,Moto,6.2,32,0,0
ORD-20261455,Centro,Bici,2.7,24,0,0
ORD-20261456,Sur,Moto,6.1,38,0,1
ORD-20261457,Norte,Moto,2.2,14,0,0
ORD-20261458,Norte,Moto,5.5,29,0,0
ORD-20261459,Centro,Bici,1.5,13,0,0
ORD-20261460,Norte,Moto,4.4,25,0,0
ORD-20261461,Centro,Bici,2.9,34,0,0
ORD-20261462,Norte,Moto,5.1,27,0,0
ORD-20261463,Centro,Bici,1.8,17,0,0
ORD-20261464,Norte,Moto,5.0,31,0,0
ORD-20261465,Sur,Bici,2.7,25,0,0
ORD-20261466,Centro,Moto,3.4,29,0,0
ORD-20261467,Sur,Moto,4.7,28,0,0
ORD-20261468,Centro,Moto,3.4,23,0,0
ORD-20261469,Sur,Moto,4.2,41,1,0
ORD-20261470,Norte,Moto,4.2,30,0,0
ORD-20261471,Norte,Moto,3.9,25,0,0
ORD-20261472,Norte,Moto,6.3,36,0,1
ORD-20261473,Sur,Moto,3.9,45,1,0
ORD-20261474,Centro,Moto,3.0,20,0,0
ORD-20261475,Centro,Moto,2.2,15,0,0
ORD-20261476,Norte,Moto,2.0,14,0,0
ORD-20261477,Sur,Moto,4.1,19,0,0
ORD-20261478,Norte,Moto,3.2,24,0,0
ORD-20261479,Norte,Moto,5.1,26,1,0
ORD-20261480,Centro,Bici,1.5,27,1,0
ORD-20261481,Sur,Moto,6.4,36,0,1
ORD-20261482,Centro,Bici,2.4,32,0,1
ORD-20261483,Norte,Moto,4.7,28,1,0
ORD-20261484,Centro,Moto,3.0,17,0,0
ORD-20261485,Centro,Moto,3.3,21,0,0
ORD-20261486,Centro,Bici,2.5,24,0,0
ORD-20261487,Centro,Bici,1.9,19,0,0
ORD-20261488,Norte,Moto,2.3,16,0,0
ORD-20261489,Centro,Bici,2.0,25,1,0
ORD-20261490,Centro,Bici,2.0,22,0,0
ORD-20261491,Centro,Bici,2.6,17,0,0
ORD-20261492,Centro,Bici,2.2,23,0,0
ORD-20261493,Centro,Bici,3.1,27,0,0
ORD-20261494,Centro,Bici,2.0,24,0,0
ORD-20261495,Norte,Moto,4.9,37,0,1
ORD-20261496,Norte,Moto,6.8,37,0,0
ORD-20261497,Norte,Moto,5.5,39,0,1
ORD-20261498,Centro,Bici,2.5,24,0,0
ORD-20261499,Centro,Bici,2.0,18,0,0
ORD-20261500,Sur,Moto,4.1,32,0,1
ORD-20261501,Norte,Moto,3.7,25,0,0
ORD-20261502,Centro,Bici,2.1,22,0,0
ORD-20261503,Centro,Moto,3.1,23,0,0
ORD-20261504,Centro,Bici,2.3,24,0,0
ORD-20261505,Centro,Moto,1.4,12,0,0
ORD-20261506,Centro,Bici,3.9,29,0,0
ORD-20261507,Norte,Moto,5.5,31,0,1
ORD-20261508,Norte,Moto,2.9,21,0,0
ORD-20261509,Norte,Moto,4.3,26,0,0
ORD-20261510,Norte,Moto,5.2,35,0,0
ORD-20261511,Sur,Moto,7.6,45,0,1
ORD-20261512,Norte,Moto,3.3,19,0,0
ORD-20261513,Sur,Moto,6.5,30,0,0
ORD-20261514,Centro,Moto,3.6,22,0,0
ORD-20261515,Centro,Moto,2.0,14,0,0
ORD-20261516,Centro,Bici,2.3,25,0,0
ORD-20261517,Norte,Moto,3.4,20,0,0
ORD-20261518,Sur,Moto,4.7,26,0,0
ORD-20261519,Centro,Moto,2.5,32,1,1
ORD-20261520,Sur,Moto,6.0,36,0,1
ORD-20261521,Centro,Moto,3.4,29,1,0
ORD-20261522,Sur,Moto,3.9,25,0,0
ORD-20261523,Centro,Bici,0.9,27,1,0
ORD-20261524,Centro,Bici,2.5,26,0,0
ORD-20261525,Centro,Moto,2.7,20,0,0
ORD-20261526,Centro,Moto,2.7,16,0,0
ORD-20261527,Centro,Bici,2.2,26,0,0
ORD-20261528,Centro,Bici,2.6,35,0,0
ORD-20261529,Sur,Moto,7.3,37,0,0
ORD-20261530,Norte,Moto,5.6,35,1,0
ORD-20261531,Centro,Moto,2.2,16,0,0
ORD-20261532,Norte,Moto,4.2,29,0,0
ORD-20261533,Norte,Moto,4.7,28,0,0
ORD-20261534,Centro,Moto,3.8,29,1,0
ORD-20261535,Centro,Moto,2.4,17,0,0
ORD-20261536,Centro,Bici,2.5,27,0,0
ORD-20261537,Centro,Bici,2.1,20,0,0
ORD-20261538,Norte,Moto,6.6,41,0,1
ORD-20261539,Centro,Moto,4.1,42,1,1
ORD-20261540,Norte,Moto,5.7,35,0,0
ORD-20261541,Norte,Moto,5.1,30,0,0
ORD-20261542,Centro,Bici,2.5,28,0,1
ORD-20261543,Norte,Moto,1.4,10,0,0
ORD-20261544,Centro,Moto,3.1,18,0,0
ORD-20261545,Sur,Moto,5.2,30,0,0
ORD-20261546,Centro,Bici,2.8,25,0,0
ORD-20261547,Sur,Moto,3.9,22,0,0
ORD-20261548,Norte,Moto,4.4,34,0,1
ORD-20261549,Centro,Bici,2.2,30,0,0
ORD-20261550,Norte,Moto,6.5,45,1,1
ORD-20261551,Sur,Moto,4.4,38,1,1
ORD-20261552,Norte,Bici,8.1,68,0,1
ORD-20261553,Sur,Moto,5.6,38,0,1
ORD-20261554,Sur,Moto,3.1,25,0,0
ORD-20261555,Centro,Bici,2.4,18,0,0
ORD-20261556,Centro,Bici,2.0,22,0,0
ORD-20261557,Norte,Moto,1.7,11,0,0
ORD-20261558,Centro,Moto,3.8,30,0,0
ORD-20261559,Sur,Moto,6.1,38,0,1
ORD-20261560,Sur,Moto,5.8,30,0,0
ORD-20261561,Centro,Bici,2.6,25,0,0
ORD-20261562,Centro,Bici,1.4,15,0,0
ORD-20261563,Norte,Moto,4.3,29,0,0
ORD-20261564,Centro,Bici,3.2,35,0,1
ORD-20261565,Sur,Moto,3.4,18,0,0
ORD-20261566,Centro,Bici,0.5,11,0,0
ORD-20261567,Norte,Moto,4.7,35,0,1
ORD-20261568,Centro,Moto,2.4,15,0,0
ORD-20261569,Norte,Moto,5.2,31,0,1
ORD-20261570,Centro,Moto,3.1,26,0,0
ORD-20261571,Norte,Moto,6.0,53,1,0
ORD-20261572,Centro,Moto,2.7,18,0,0
ORD-20261573,Norte,Moto,6.8,44,0,1
ORD-20261574,Sur,Moto,2.7,27,0,0
ORD-20261575,Centro,Bici,2.9,29,0,0
ORD-20261576,Centro,Moto,3.0,27,1,0
ORD-20261577,Centro,Moto,1.5,13,0,0
ORD-20261578,Norte,Bici,2.7,28,0,0
ORD-20261579,Norte,Moto,3.9,23,0,0
ORD-20261580,Norte,Moto,4.0,27,0,0
ORD-20261581,Centro,Bici,3.1,32,1,1
ORD-20261582,Centro,Moto,2.0,14,0,0
ORD-20261583,Norte,Moto,3.7,26,0,0
ORD-20261584,Centro,Bici,2.0,23,1,0
ORD-20261585,Sur,Moto,6.7,44,0,1
ORD-20261586,Centro,Moto,2.5,12,0,0
ORD-20261587,Norte,Moto,4.7,21,0,0
ORD-20261588,Centro,Moto,2.4,16,0,0
ORD-20261589,Centro,Moto,3.5,23,0,0
ORD-20261590,Norte,Moto,3.9,29,0,0
ORD-20261591,Norte,Moto,7.0,40,0,1
ORD-20261592,Sur,Moto,5.3,40,1,1
ORD-20261593,Centro,Moto,2.4,18,0,0
ORD-20261594,Centro,Moto,4.5,24,0,0
ORD-20261595,Norte,Moto,3.4,22,0,0
ORD-20261596,Norte,Moto,4.5,23,0,0
ORD-20261597,Centro,Bici,1.5,17,0,0
ORD-20261598,Centro,Moto,3.3,31,1,0
ORD-20261599,Centro,Moto,3.9,22,0,0
ORD-20261600,Sur,Moto,7.5,54,1,1
ORD-20261601,Centro,Moto,3.5,23,0,0
ORD-20261602,Centro,Moto,2.3,19,0,0
ORD-20261603,Centro,Bici,2.2,17,0,0
ORD-20261604,Centro,Bici,1.2,14,0,0
ORD-20261605,Centro,Moto,4.1,23,0,0
ORD-20261606,Norte,Moto,5.7,38,0,0
ORD-20261607,Centro,Bici,2.1,24,0,0
ORD-20261608,Sur,Moto,7.0,54,1,1
ORD-20261609,Centro,Bici,1.7,17,0,0
ORD-20261610,Norte,Moto,5.6,37,0,1
ORD-20261611,Sur,Moto,4.7,22,0,0
ORD-20261612,Norte,Moto,6.0,26,0,0
ORD-20261613,Norte,Moto,4.9,24,0,0
ORD-20261614,Centro,Bici,1.3,15,0,0
ORD-20261615,Centro,Bici,2.6,28,0,0
ORD-20261616,Norte,Bici,6.6,32,0,1
ORD-20261617,Sur,Moto,5.0,48,1,0
ORD-20261618,Norte,Moto,6.2,47,1,1
ORD-20261619,Norte,Moto,3.4,17,0,0
ORD-20261620,Norte,Moto,5.0,30,0,0
ORD-20261621,Centro,Bici,2.0,24,0,0
ORD-20261622,Centro,Moto,3.1,22,0,1
ORD-20261623,Norte,Moto,5.0,35,0,1
ORD-20261624,Sur,Moto,6.0,28,0,0
ORD-20261625,Centro,Moto,3.4,21,0,0
ORD-20261626,Norte,Moto,6.0,30,0,0
ORD-20261627,Centro,Moto,2.7,23,0,0
ORD-20261628,Norte,Bici,3.5,36,0,1
ORD-20261629,Centro,Bici,2.5,36,0,1
ORD-20261630,Centro,Moto,2.1,14,0,0
ORD-20261631,Norte,Moto,4.5,25,0,0
ORD-20261632,Centro,Bici,2.2,22,0,0
ORD-20261633,Norte,Moto,3.5,39,1,1
ORD-20261634,Norte,Moto,2.1,15,0,0
ORD-20261635,Sur,Moto,4.0,25,0,0
ORD-20261636,Centro,Moto,2.7,29,1,0
ORD-20261637,Centro,Bici,1.4,16,0,0
ORD-20261638,Centro,Moto,2.5,25,1,0
ORD-20261639,Sur,Bici,7.9,67,0,1
ORD-20261640,Sur,Bici,6.5,55,0,1
ORD-20261641,Norte,Moto,7.5,42,0,1
ORD-20261642,Sur,Moto,5.6,38,0,1
ORD-20261643,Norte,Bici,6.8,75,0,1
ORD-20261644,Norte,Moto,3.9,21,0,0
ORD-20261645,Centro,Bici,2.0,20,0,0
ORD-20261646,Norte,Moto,0.9,10,0,0
ORD-20261647,Centro,Moto,3.4,23,0,0
ORD-20261648,Sur,Moto,7.3,38,0,1
ORD-20261649,Norte,Moto,4.2,27,0,0
ORD-20261650,Norte,Moto,4.6,33,0,0
ORD-20261651,Centro,Moto,1.9,10,0,0
ORD-20261652,Centro,Bici,2.8,29,0,1
ORD-20261653,Centro,Moto,3.4,20,0,0
ORD-20261654,Centro,Bici,1.1,15,0,0
ORD-20261655,Centro,Bici,2.8,24,0,0
ORD-20261656,Sur,Bici,4.6,49,0,1
ORD-20261657,Norte,Moto,5.2,35,0,0
ORD-20261658,Centro,Bici,2.9,31,0,1
ORD-20261659,Centro,Bici,2.3,26,0,0
ORD-20261660,Centro,Bici,2.4,21,0,0
ORD-20261661,Norte,Bici,4.7,39,0,1
ORD-20261662,Norte,Moto,6.5,42,0,1
ORD-20261663,Sur,Moto,5.6,29,0,0
ORD-20261664,Centro,Moto,2.7,23,0,0
ORD-20261665,Sur,Moto,3.1,20,0,0
ORD-20261666,Sur,Bici,4.4,54,1,1
ORD-20261667,Centro,Moto,3.2,28,0,0
ORD-20261668,Sur,Bici,5.1,41,0,0
ORD-20261669,Centro,Moto,3.0,20,0,0
ORD-20261670,Sur,Moto,7.6,61,1,0
ORD-20261671,Centro,Bici,3.3,36,0,1
ORD-20261672,Sur,Moto,5.1,29,0,0
ORD-20261673,Sur,Moto,4.2,24,0,0
ORD-20261674,Sur,Moto,1.2,11,0,0
ORD-20261675,Norte,Moto,4.7,35,0,1
ORD-20261676,Centro,Moto,2.2,15,0,0
ORD-20261677,Centro,Bici,2.8,28,0,0
ORD-20261678,Centro,Bici,2.4,23,0,0
ORD-20261679,Centro,Moto,2.2,18,0,0
ORD-20261680,Norte,Bici,2.3,24,0,0
ORD-20261681,Centro,Moto,1.7,11,0,0
ORD-20261682,Sur,Moto,5.7,29,0,0
ORD-20261683,Norte,Bici,7.6,53,1,1
ORD-20261684,Sur,Moto,4.9,26,0,0
ORD-20261685,Centro,Moto,2.8,21,0,0
ORD-20261686,Sur,Moto,6.4,56,1,1
ORD-20261687,Sur,Moto,3.8,26,0,0
ORD-20261688,Centro,Bici,2.8,30,0,0
ORD-20261689,Norte,Moto,3.9,24,0,0
ORD-20261690,Norte,Moto,6.3,52,1,1
ORD-20261691,Centro,Bici,2.6,27,0,0
ORD-20261692,Norte,Moto,5.4,41,0,0
ORD-20261693,Centro,Moto,1.9,14,0,0
ORD-20261694,Centro,Moto,3.1,37,1,1
ORD-20261695,Centro,Moto,4.2,29,0,0
ORD-20261696,Centro,Bici,1.7,32,1,1
ORD-20261697,Centro,Bici,2.2,16,0,0
ORD-20261698,Centro,Moto,2.7,21,0,0
ORD-20261699,Sur,Moto,6.2,35,0,0
ORD-20261700,Norte,Moto,4.2,24,0,0
ORD-20261701,Sur,Moto,0.8,10,0,0
ORD-20261702,Centro,Moto,3.6,33,1,1
ORD-20261703,Centro,Moto,3.1,21,0,0
ORD-20261704,Norte,Bici,2.4,28,1,0
ORD-20261705,Centro,Bici,2.0,16,0,0
ORD-20261706,Centro,Moto,3.8,26,0,0
ORD-20261707,Norte,Moto,7.2,46,0,1
ORD-20261708,Centro,Moto,3.3,22,0,0
ORD-20261709,Norte,Moto,4.7,33,0,0
ORD-20261710,Norte,Moto,5.1,30,0,0
ORD-20261711,Centro,Bici,2.4,24,0,0
ORD-20261712,Centro,Bici,3.4,28,0,0
ORD-20261713,Norte,Bici,3.7,27,0,0
ORD-20261714,Centro,Bici,1.9,39,1,1
ORD-20261715,Centro,Moto,3.3,25,0,0
ORD-20261716,Sur,Moto,4.9,23,0,0
ORD-20261717,Centro,Moto,3.6,24,0,0
ORD-20261718,Norte,Moto,4.0,25,0,0
ORD-20261719,Sur,Moto,4.9,28,0,0
ORD-20261720,Centro,Bici,1.8,28,1,0
ORD-20261721,Centro,Moto,2.5,19,0,0
ORD-20261722,Centro,Moto,1.3,13,0,0
ORD-20261723,Centro,Bici,2.1,23,0,0
ORD-20261724,Centro,Bici,1.4,16,0,0
ORD-20261725,Norte,Moto,6.0,34,0,1
ORD-20261726,Centro,Moto,3.1,23,0,0
ORD-20261727,Norte,Moto,2.4,18,0,0
ORD-20261728,Sur,Moto,7.0,51,1,1
ORD-20261729,Sur,Moto,8.7,48,0,1
ORD-20261730,Norte,Moto,5.1,32,0,1
ORD-20261731,Centro,Moto,2.0,14,0,0
ORD-20261732,Norte,Moto,9.2,57,0,0
ORD-20261733,Norte,Bici,3.0,24,0,0
ORD-20261734,Centro,Bici,2.5,23,0,0
ORD-20261735,Centro,Bici,2.6,39,1,1
ORD-20261736,Sur,Bici,7.0,51,0,0
ORD-20261737,Centro,Moto,2.8,15,0,0
ORD-20261738,Centro,Bici,2.1,22,0,0
ORD-20261739,Centro,Moto,1.7,10,0,0
ORD-20261740,Centro,Bici,2.2,26,1,0
ORD-20261741,Sur,Moto,3.5,36,1,1
ORD-20261742,Norte,Moto,5.1,39,1,0
ORD-20261743,Norte,Moto,4.2,31,0,1
ORD-20261744,Centro,Bici,1.3,13,0,0
ORD-20261745,Centro,Moto,3.5,22,0,0
ORD-20261746,Centro,Bici,2.1,23,0,0
ORD-20261747,Centro,Moto,1.5,10,0,0
ORD-20261748,Centro,Bici,2.4,39,1,1
ORD-20261749,Norte,Moto,5.1,33,0,0
ORD-20261750,Centro,Moto,1.1,16,1,0
ORD-20261751,Norte,Moto,5.5,42,1,1
ORD-20261752,Centro,Bici,1.7,30,1,0
ORD-20261753,Centro,Moto,3.9,22,0,0
ORD-20261754,Centro,Bici,2.9,22,0,0
ORD-20261755,Sur,Moto,4.4,28,0,0
ORD-20261756,Sur,Moto,3.9,33,0,1
ORD-20261757,Sur,Moto,4.8,27,0,0
ORD-20261758,Centro,Moto,3.0,25,0,0
ORD-20261759,Centro,Bici,2.5,22,0,0
ORD-20261760,Norte,Moto,4.7,29,0,0
ORD-20261761,Centro,Bici,2.5,28,0,0
ORD-20261762,Sur,Moto,4.1,35,1,0
ORD-20261763,Centro,Bici,2.2,22,0,0
ORD-20261764,Centro,Bici,0.8,13,0,0
ORD-20261765,Centro,Moto,3.3,28,0,0
ORD-20261766,Centro,Moto,2.7,19,0,0
ORD-20261767,Norte,Moto,3.8,22,0,0
ORD-20261768,Centro,Moto,4.0,24,0,0
ORD-20261769,Centro,Bici,2.6,49,1,1
ORD-20261770,Centro,Bici,1.7,19,0,0
ORD-20261771,Centro,Moto,3.2,19,0,0
ORD-20261772,Norte,Moto,5.6,27,0,0
ORD-20261773,Sur,Moto,5.6,24,0,0
ORD-20261774,Sur,Moto,4.4,28,0,0
ORD-20261775,Norte,Moto,5.7,37,0,0
ORD-20261776,Centro,Bici,2.3,31,1,0
ORD-20261777,Norte,Moto,5.8,34,0,1
ORD-20261778,Centro,Bici,1.0,11,0,0
ORD-20261779,Centro,Bici,2.2,23,0,0
ORD-20261780,Sur,Moto,7.6,46,0,1
ORD-20261781,Centro,Bici,1.9,19,0,0
ORD-20261782,Sur,Moto,4.1,32,0,1
ORD-20261783,Centro,Bici,2.1,19,0,0
ORD-20261784,Norte,Moto,3.2,22,0,0
ORD-20261785,Norte,Moto,1.7,15,0,0
ORD-20261786,Sur,Moto,4.7,28,0,0
ORD-20261787,Norte,Moto,5.2,30,0,0
ORD-20261788,Norte,Moto,4.9,23,0,0
ORD-20261789,Centro,Bici,2.4,29,0,0
ORD-20261790,Norte,Moto,5.1,30,0,0
ORD-20261791,Centro,Bici,3.3,34,0,1
ORD-20261792,Norte,Moto,4.7,31,0,1
ORD-20261793,Norte,Moto,4.1,23,0,0
ORD-20261794,Norte,Moto,4.6,27,0,0
ORD-20261795,Centro,Moto,3.0,24,0,0
ORD-20261796,Centro,Moto,3.6,27,1,0
ORD-20261797,Norte,Moto,4.1,34,0,0
ORD-20261798,Centro,Bici,2.6,23,0,0
ORD-20261799,Centro,Bici,2.8,31,1,1
ORD-20261800,Centro,Bici,1.7,29,1,0
ORD-20261801,Sur,Bici,5.0,60,0,1
ORD-20261802,Norte,Moto,2.8,14,0,0
ORD-20261803,Centro,Bici,1.1,14,0,0
ORD-20261804,Centro,Bici,2.8,29,0,0
ORD-20261805,Centro,Bici,2.2,23,0,0
ORD-20261806,Norte,Moto,5.3,44,1,0
ORD-20261807,Norte,Moto,5.0,27,0,0
ORD-20261808,Centro,Bici,1.7,17,0,0
ORD-20261809,Centro,Bici,2.5,24,0,0
ORD-20261810,Centro,Bici,1.5,14,0,0
ORD-20261811,Norte,Moto,7.1,40,0,1
ORD-20261812,Norte,Moto,3.0,19,0,0
ORD-20261813,Centro,Bici,2.3,22,0,0
ORD-20261814,Centro,Moto,1.7,14,0,0
ORD-20261815,Centro,Moto,3.0,22,1,0
ORD-20261816,Sur,Bici,4.5,49,1,0
ORD-20261817,Centro,Moto,2.1,21,0,0
ORD-20261818,Norte,Bici,6.3,55,1,1
ORD-20261819,Norte,Moto,5.0,36,0,0
ORD-20261820,Centro,Bici,2.9,28,0,0
ORD-20261821,Centro,Bici,1.7,17,0,0
ORD-20261822,Centro,Bici,1.4,13,0,0
ORD-20261823,Norte,Moto,5.2,32,0,1
ORD-20261824,Norte,Moto,4.5,33,0,1
ORD-20261825,Norte,Moto,5.9,32,0,1
ORD-20261826,Norte,Moto,4.9,29,0,0
ORD-20261827,Centro,Bici,2.7,31,0,1
ORD-20261828,Sur,Moto,2.6,19,0,0
ORD-20261829,Norte,Moto,7.8,34,0,0
ORD-20261830,Centro,Bici,2.4,35,1,1
ORD-20261831,Sur,Bici,6.0,65,0,1
ORD-20261832,Norte,Moto,3.7,23,0,0
ORD-20261833,Norte,Moto,5.5,19,0,0
ORD-20261834,Norte,Bici,3.0,31,0,1
ORD-20261835,Sur,Moto,5.7,33,0,1
ORD-20261836,Norte,Moto,4.5,20,0,0
ORD-20261837,Centro,Moto,2.5,13,0,1
ORD-20261838,Centro,Moto,3.1,23,0,0
ORD-20261839,Sur,Moto,3.2,19,0,0
ORD-20261840,Centro,Bici,2.0,18,0,0
ORD-20261841,Centro,Bici,2.9,28,0,0
ORD-20261842,Centro,Bici,4.2,35,0,0
ORD-20261843,Centro,Bici,2.4,25,0,0
ORD-20261844,Norte,Bici,5.9,51,0,0
ORD-20261845,Sur,Moto,4.8,32,1,1
ORD-20261846,Centro,Moto,4.1,24,0,0
ORD-20261847,Centro,Bici,1.1,15,0,0
ORD-20261848,Centro,Bici,2.6,26,0,0
ORD-20261849,Sur,Moto,2.6,18,0,0
ORD-20261850,Norte,Moto,1.2,27,1,0
ORD-20261851,Centro,Bici,2.7,30,0,0
ORD-20261852,Sur,Moto,5.2,35,0,0
ORD-20261853,Sur,Moto,4.6,37,1,1
ORD-20261854,Sur,Moto,4.8,40,1,1
ORD-20261855,Sur,Moto,9.6,50,0,0
ORD-20261856,Centro,Bici,2.3,26,0,0
ORD-20261857,Norte,Moto,5.8,33,0,0
ORD-20261858,Centro,Bici,2.0,22,0,0
ORD-20261859,Sur,Bici,5.4,60,1,0
ORD-20261860,Norte,Bici,4.6,42,0,1
ORD-20261861,Norte,Moto,4.4,39,0,1
ORD-20261862,Norte,Moto,7.7,39,0,1
ORD-20261863,Centro,Moto,3.4,20,0,0
ORD-20261864,Norte,Moto,5.2,34,0,0
ORD-20261865,Sur,Moto,1.5,11,0,0
ORD-20261866,Sur,Moto,4.5,26,0,0
ORD-20261867,Centro,Moto,4.7,24,0,0
ORD-20261868,Centro,Moto,2.3,28,1,0
ORD-20261869,Centro,Moto,3.4,24,0,0
ORD-20261870,Norte,Moto,7.2,39,0,1
ORD-20261871,Sur,Bici,5.3,52,0,0
ORD-20261872,Centro,Bici,1.8,14,0,0
ORD-20261873,Norte,Moto,1.3,10,0,0
ORD-20261874,Sur,Moto,6.0,34,0,1
ORD-20261875,Norte,Moto,3.8,20,0,0
ORD-20261876,Norte,Moto,5.3,23,0,0
ORD-20261877,Norte,Moto,3.1,20,0,0
ORD-20261878,Norte,Moto,4.6,31,0,0
ORD-20261879,Centro,Bici,2.5,42,1,1
ORD-20261880,Norte,Moto,5.4,29,0,0
ORD-20261881,Norte,Moto,3.3,35,1,1
ORD-20261882,Sur,Moto,6.8,43,0,0
ORD-20261883,Norte,Moto,4.1,30,0,0
ORD-20261884,Norte,Moto,2.5,17,0,0
ORD-20261885,Centro,Bici,2.4,18,0,0
ORD-20261886,Centro,Moto,2.5,18,0,0
ORD-20261887,Centro,Bici,2.6,22,0,0
ORD-20261888,Centro,Moto,3.6,21,0,0
ORD-20261889,Norte,Moto,4.6,27,0,0
ORD-20261890,Sur,Moto,4.8,28,0,0
ORD-20261891,Centro,Bici,1.6,18,0,0
ORD-20261892,Centro,Moto,3.2,23,0,0
ORD-20261893,Sur,Bici,5.3,45,0,0
ORD-20261894,Centro,Bici,2.2,24,0,0
ORD-20261895,Norte,Moto,2.1,16,0,0
ORD-20261896,Norte,Moto,7.2,47,0,1
ORD-20261897,Norte,Moto,3.2,20,0,0
ORD-20261898,Centro,Bici,2.0,21,0,0
ORD-20261899,Centro,Bici,2.8,26,0,0
ORD-20261900,Norte,Moto,3.2,20,0,1
ORD-20261901,Norte,Moto,2.8,17,0,0
ORD-20261902,Centro,Moto,0.8,16,1,0
ORD-20261903,Norte,Moto,6.1,40,0,1
ORD-20261904,Centro,Bici,2.1,18,0,0
ORD-20261905,Norte,Moto,9.4,50,0,0
ORD-20261906,Centro,Bici,1.7,21,0,0
ORD-20261907,Sur,Moto,3.6,22,0,0
ORD-20261908,Centro,Bici,2.0,24,0,0
ORD-20261909,Centro,Bici,2.7,24,0,1
ORD-20261910,Centro,Bici,2.1,18,0,0
ORD-20261911,Centro,Moto,3.0,15,0,0
ORD-20261912,Sur,Bici,3.5,39,0,1
ORD-20261913,Sur,Moto,2.9,16,0,0
ORD-20261914,Centro,Moto,1.1,12,0,0
ORD-20261915,Centro,Bici,0.7,10,0,0
ORD-20261916,Norte,Moto,4.2,31,0,1
ORD-20261917,Sur,Moto,4.5,37,0,1
ORD-20261918,Norte,Moto,4.1,19,0,0
ORD-20261919,Centro,Moto,3.5,19,0,0
ORD-20261920,Centro,Moto,3.5,25,0,0
ORD-20261921,Norte,Moto,4.5,30,0,0
ORD-20261922,Centro,Bici,1.1,15,0,0
ORD-20261923,Norte,Moto,4.1,23,0,1
ORD-20261924,Centro,Bici,2.0,27,0,0
ORD-20261925,Norte,Moto,4.0,25,0,0
ORD-20261926,Centro,Bici,1.9,17,0,0
ORD-20261927,Norte,Moto,4.0,24,0,0
ORD-20261928,Centro,Bici,2.2,19,0,0
ORD-20261929,Norte,Moto,4.0,31,0,1
ORD-20261930,Centro,Bici,2.7,24,0,0
ORD-20261931,Norte,Moto,5.5,35,0,1
ORD-20261932,Norte,Moto,3.6,21,0,0
ORD-20261933,Norte,Moto,6.9,36,0,0
ORD-20261934,Norte,Moto,3.5,16,0,0
ORD-20261935,Norte,Bici,2.6,28,0,0
ORD-20261936,Sur,Moto,5.6,39,0,1
ORD-20261937,Centro,Bici,1.8,17,0,0
ORD-20261938,Sur,Moto,5.5,25,0,0
ORD-20261939,Centro,Bici,0.6,11,0,0
ORD-20261940,Centro,Moto,3.6,17,0,0
ORD-20261941,Centro,Moto,3.0,24,0,0
ORD-20261942,Centro,Bici,1.3,22,1,0
ORD-20261943,Norte,Moto,2.8,16,0,0
ORD-20261944,Norte,Moto,7.5,44,0,1
ORD-20261945,Norte,Bici,3.9,31,0,1
ORD-20261946,Norte,Moto,3.7,21,0,0
ORD-20261947,Centro,Moto,0.7,10,0,0
ORD-20261948,Centro,Moto,2.2,10,0,0
ORD-20261949,Centro,Bici,2.3,29,0,0
ORD-20261950,Centro,Moto,3.1,21,0,0
ORD-20261951,Centro,Bici,1.4,13,0,0
ORD-20261952,Centro,Bici,1.3,13,0,0
ORD-20261953,Norte,Moto,5.7,38,0,1
ORD-20261954,Norte,Moto,6.5,41,0,1
ORD-20261955,Sur,Moto,2.6,22,0,0
ORD-20261956,Sur,Moto,6.6,34,0,0
ORD-20261957,Norte,Moto,5.1,32,0,1
ORD-20261958,Centro,Moto,3.4,23,0,0
ORD-20261959,Norte,Moto,4.9,44,1,0
ORD-20261960,Norte,Bici,1.2,17,0,0
ORD-20261961,Centro,Bici,2.4,22,0,0
ORD-20261962,Centro,Moto,3.3,21,0,0
ORD-20261963,Sur,Moto,3.7,30,1,0
ORD-20261964,Centro,Moto,2.2,16,0,0
ORD-20261965,Norte,Moto,4.7,31,0,1
ORD-20261966,Norte,Moto,0.7,14,1,0
ORD-20261967,Centro,Moto,3.8,28,0,0
ORD-20261968,Centro,Bici,1.8,16,0,0
ORD-20261969,Centro,Bici,2.9,36,1,1
ORD-20261970,Centro,Bici,2.4,29,0,0
ORD-20261971,Centro,Moto,3.5,24,0,0
ORD-20261972,Sur,Bici,5.6,52,0,0
ORD-20261973,Centro,Bici,2.3,19,0,0
ORD-20261974,Norte,Moto,3.7,20,0,0
ORD-20261975,Centro,Moto,3.1,23,0,0
ORD-20261976,Sur,Moto,2.2,24,1,0
ORD-20261977,Centro,Moto,3.0,19,0,0
ORD-20261978,Centro,Bici,1.6,20,0,0
ORD-20261979,Sur,Moto,6.9,33,0,1
ORD-20261980,Sur,Moto,5.2,32,0,1
ORD-20261981,Centro,Moto,3.0,20,0,0
ORD-20261982,Sur,Moto,5.1,40,1,1
ORD-20261983,Centro,Bici,1.1,13,0,0
ORD-20261984,Centro,Bici,1.8,18,0,0
ORD-20261985,Centro,Moto,3.0,17,0,0
ORD-20261986,Centro,Moto,2.6,19,0,0
ORD-20261987,Norte,Moto,6.8,35,0,1
ORD-20261988,Centro,Bici,2.8,31,0,1
ORD-20261989,Centro,Bici,1.7,18,0,0
ORD-20261990,Norte,Moto,3.8,29,1,0
ORD-20261991,Norte,Moto,5.2,30,0,0
ORD-20261992,Centro,Bici,0.6,10,0,0
ORD-20261993,Norte,Moto,7.5,60,1,1
ORD-20261994,Centro,Bici,2.9,27,0,0
ORD-20261995,Norte,Moto,6.8,37,0,1
ORD-20261996,Norte,Moto,2.6,34,1,0
ORD-20261997,Sur,Moto,6.9,43,0,0
ORD-20261998,Centro,Moto,4.3,33,0,1
ORD-20261999,Centro,Bici,1.4,19,0,0
ORD-20262000,Centro,Moto,3.1,18,0,0
ORD-20262001,Centro,Bici,2.5,29,0,0
ORD-20262002,Centro,Bici,1.3,19,0,0
ORD-20262003,Sur,Moto,5.7,41,0,1
ORD-20262004,Centro,Bici,3.2,35,0,1
ORD-20262005,Centro,Bici,2.0,24,0,0
ORD-20262006,Norte,Moto,6.7,37,0,1
ORD-20262007,Centro,Bici,1.2,13,0,0
ORD-20262008,Norte,Moto,2.8,18,0,0
ORD-20262009,Centro,Bici,2.6,19,0,0
ORD-20262010,Centro,Bici,2.5,30,0,0
ORD-20262011,Centro,Bici,1.9,19,0,0
ORD-20262012,Centro,Moto,3.1,24,0,0
ORD-20262013,Sur,Moto,5.8,28,0,0
ORD-20262014,Centro,Moto,3.2,36,1,1
ORD-20262015,Norte,Moto,4.8,27,0,0
ORD-20262016,Centro,Moto,3.0,16,0,0
ORD-20262017,Centro,Bici,2.1,27,0,0
ORD-20262018,Sur,Moto,8.1,53,0,0
ORD-20262019,Centro,Moto,1.8,14,0,0
ORD-20262020,Norte,Bici,8.2,71,0,1
ORD-20262021,Sur,Moto,5.1,33,0,0
ORD-20262022,Norte,Moto,2.9,20,0,0
ORD-20262023,Sur,Moto,7.1,36,0,1
ORD-20262024,Centro,Bici,2.6,34,1,1
ORD-20262025,Centro,Moto,3.2,27,0,0
ORD-20262026,Centro,Moto,3.5,32,0,1
ORD-20262027,Norte,Moto,5.5,52,1,0
ORD-20262028,Sur,Moto,4.1,27,0,0
ORD-20262029,Centro,Moto,3.3,20,0,0
ORD-20262030,Norte,Moto,5.0,35,1,1
ORD-20262031,Centro,Moto,3.0,18,0,0
ORD-20262032,Norte,Moto,1.8,22,1,0
ORD-20262033,Centro,Bici,2.9,37,0,1
ORD-20262034,Sur,Moto,4.0,32,0,0
ORD-20262035,Norte,Bici,7.5,72,0,1
ORD-20262036,Centro,Moto,3.0,17,0,0
ORD-20262037,Centro,Moto,2.7,21,0,1
ORD-20262038,Centro,Bici,2.9,27,0,0
ORD-20262039,Centro,Bici,1.7,13,0,0
ORD-20262040,Centro,Moto,3.8,25,0,0
ORD-20262041,Sur,Moto,8.0,39,0,0
ORD-20262042,Norte,Moto,5.6,29,0,0
ORD-20262043,Norte,Moto,7.4,40,0,0
ORD-20262044,Centro,Bici,2.0,19,0,0
ORD-20262045,Sur,Moto,3.8,34,1,1
ORD-20262046,Norte,Moto,5.1,30,0,0
ORD-20262047,Centro,Moto,2.8,14,0,0
ORD-20262048,Norte,Moto,4.4,33,0,1
ORD-20262049,Norte,Moto,5.8,29,0,0
ORD-20262050,Centro,Bici,2.7,23,0,0
ORD-20262051,Centro,Bici,1.7,18,0,0
ORD-20262052,Centro,Bici,2.9,38,1,1
ORD-20262053,Centro,Moto,3.2,26,0,0
ORD-20262054,Sur,Moto,5.3,43,1,0
ORD-20262055,Sur,Moto,6.7,42,0,0
ORD-20262056,Norte,Moto,3.2,22,0,0
ORD-20262057,Centro,Bici,2.9,29,0,0
ORD-20262058,Centro,Moto,1.6,14,0,0
ORD-20262059,Norte,Bici,3.3,22,0,1
ORD-20262060,Norte,Moto,4.1,25,0,0
ORD-20262061,Centro,Bici,1.7,34,1,1
ORD-20262062,Norte,Moto,4.2,41,0,1
ORD-20262063,Sur,Moto,4.7,23,0,0
ORD-20262064,Centro,Moto,3.2,22,0,0
ORD-20262065,Centro,Bici,2.2,21,0,0
ORD-20262066,Norte,Moto,2.6,24,0,0
ORD-20262067,Centro,Moto,3.4,18,0,0
ORD-20262068,Centro,Bici,1.8,21,0,0
ORD-20262069,Centro,Bici,2.5,20,0,0
ORD-20262070,Centro,Bici,2.9,36,1,0
ORD-20262071,Norte,Moto,5.3,31,0,0
ORD-20262072,Norte,Moto,6.6,44,0,1
ORD-20262073,Centro,Bici,2.9,24,0,0
ORD-20262074,Sur,Moto,3.7,26,0,0
ORD-20262075,Sur,Moto,8.3,47,0,1
ORD-20262076,Sur,Moto,5.3,33,0,1
ORD-20262077,Centro,Bici,2.4,28,0,0
ORD-20262078,Centro,Bici,3.3,25,0,0
ORD-20262079,Sur,Moto,5.4,36,0,0
ORD-20262080,Norte,Moto,5.6,30,0,0
ORD-20262081,Centro,Moto,4.5,44,1,0
ORD-20262082,Centro,Bici,2.3,25,0,0
ORD-20262083,Centro,Bici,2.2,22,0,0
ORD-20262084,Sur,Moto,5.2,28,0,0
ORD-20262085,Norte,Moto,6.6,54,1,0
ORD-20262086,Centro,Moto,1.3,14,0,0
ORD-20262087,Centro,Bici,0.9,11,0,0
ORD-20262088,Norte,Moto,4.1,21,0,0
ORD-20262089,Sur,Moto,2.5,19,0,0
ORD-20262090,Centro,Bici,2.2,26,1,0
ORD-20262091,Norte,Bici,5.8,49,1,0
ORD-20262092,Sur,Moto,3.7,28,1,0
ORD-20262093,Centro,Moto,1.4,21,1,0
ORD-20262094,Norte,Moto,5.1,32,1,0
ORD-20262095,Centro,Bici,3.2,22,0,0
ORD-20262096,Norte,Moto,2.5,15,0,0
ORD-20262097,Norte,Moto,6.2,39,0,0
ORD-20262098,Norte,Moto,6.2,37,1,1
ORD-20262099,Norte,Moto,6.4,35,0,1
ORD-20262100,Centro,Moto,3.5,29,0,0
ORD-20262101,Sur,Moto,8.3,46,0,1
ORD-20262102,Norte,Moto,4.5,29,0,0
ORD-20262103,Centro,Moto,2.6,15,0,0
ORD-20262104,Norte,Moto,4.4,36,0,0
ORD-20262105,Norte,Moto,5.0,28,0,0
ORD-20262106,Centro,Moto,3.7,23,0,0
ORD-20262107,Sur,Moto,3.0,24,0,0
ORD-20262108,Sur,Moto,3.7,23,0,0
ORD-20262109,Centro,Moto,3.6,33,1,1
ORD-20262110,Sur,Moto,6.5,36,0,0
ORD-20262111,Centro,Bici,2.2,22,0,0
ORD-20262112,Centro,Moto,3.2,22,0,0
ORD-20262113,Centro,Bici,2.8,30,0,0
ORD-20262114,Sur,Moto,7.3,37,0,1
ORD-20262115,Norte,Moto,5.1,27,0,0
ORD-20262116,Centro,Moto,3.3,20,0,0
ORD-20262117,Centro,Moto,4.6,22,0,0
ORD-20262118,Norte,Moto,5.9,26,0,0
ORD-20262119,Centro,Bici,2.5,26,0,0
ORD-20262120,Sur,Moto,6.1,40,0,1
ORD-20262121,Sur,Moto,4.5,42,1,0
ORD-20262122,Norte,Moto,8.6,31,0,1
ORD-20262123,Sur,Moto,5.3,30,0,0
ORD-20262124,Centro,Moto,2.3,14,0,0
ORD-20262125,Sur,Moto,3.7,24,0,0
ORD-20262126,Norte,Moto,6.6,36,0,1
ORD-20262127,Norte,Moto,6.3,40,0,0
ORD-20262128,Centro,Bici,2.1,22,0,0
ORD-20262129,Sur,Moto,5.9,25,0,0
ORD-20262130,Centro,Bici,1.3,13,0,0
ORD-20262131,Centro,Moto,2.6,18,0,0
ORD-20262132,Centro,Bici,2.9,29,0,0
ORD-20262133,Norte,Moto,7.6,42,1,1
ORD-20262134,Norte,Moto,3.8,18,0,0
ORD-20262135,Norte,Bici,3.1,30,0,0
ORD-20262136,Sur,Moto,3.7,19,0,0
ORD-20262137,Centro,Moto,1.4,10,0,0
ORD-20262138,Norte,Moto,7.0,37,0,1
ORD-20262139,Centro,Moto,3.7,22,0,0
ORD-20262140,Sur,Moto,5.5,28,0,0
ORD-20262141,Sur,Moto,6.8,35,0,0
ORD-20262142,Norte,Moto,5.2,31,0,0
ORD-20262143,Norte,Moto,4.9,26,0,0
ORD-20262144,Centro,Bici,2.2,23,0,0
ORD-20262145,Centro,Bici,2.3,22,0,0
ORD-20262146,Sur,Moto,2.7,19,0,0
ORD-20262147,Centro,Bici,2.7,30,0,0
ORD-20262148,Centro,Bici,2.5,28,0,0
ORD-20262149,Centro,Moto,3.1,24,0,0
ORD-20262150,Sur,Moto,5.1,34,0,0
ORD-20262151,Centro,Bici,2.4,25,0,0
ORD-20262152,Centro,Bici,1.8,18,0,0
ORD-20262153,Norte,Moto,5.1,38,1,1
ORD-20262154,Sur,Bici,6.1,47,0,1
ORD-20262155,Centro,Bici,1.6,18,0,0
ORD-20262156,Centro,Bici,2.6,28,0,0
ORD-20262157,Centro,Bici,2.7,24,0,0
ORD-20262158,Centro,Moto,1.9,14,0,0
ORD-20262159,Centro,Bici,2.0,19,0,0
ORD-20262160,Norte,Bici,5.3,59,1,0
ORD-20262161,Norte,Moto,3.3,29,1,0
ORD-20262162,Norte,Bici,5.5,44,0,1
ORD-20262163,Centro,Moto,1.8,13,0,0
ORD-20262164,Sur,Moto,6.6,41,0,1
ORD-20262165,Centro,Moto,4.4,27,0,0
ORD-20262166,Sur,Moto,3.7,22,0,0
ORD-20262167,Norte,Moto,5.8,35,0,0
ORD-20262168,Centro,Bici,1.9,19,0,0
ORD-20262169,Norte,Moto,6.6,56,1,0
ORD-20262170,Centro,Bici,1.5,15,0,0
ORD-20262171,Norte,Moto,5.7,33,0,1
ORD-20262172,Centro,Bici,1.8,15,0,0
ORD-20262173,Centro,Bici,2.3,22,0,0
ORD-20262174,Sur,Moto,3.5,24,1,0
ORD-20262175,Centro,Moto,3.2,34,1,1
ORD-20262176,Sur,Bici,3.7,39,0,1
ORD-20262177,Centro,Bici,2.9,32,0,1
ORD-20262178,Norte,Moto,4.5,28,0,0
ORD-20262179,Norte,Moto,4.8,25,0,0
ORD-20262180,Norte,Moto,5.2,27,0,0
ORD-20262181,Centro,Bici,1.9,25,0,0
ORD-20262182,Centro,Bici,2.7,32,0,1
ORD-20262183,Centro,Moto,3.7,24,0,0
ORD-20262184,Centro,Moto,1.9,13,0,0
ORD-20262185,Norte,Moto,6.8,47,0,1
ORD-20262186,Sur,Moto,7.2,37,0,1
ORD-20262187,Sur,Moto,3.8,25,0,0
ORD-20262188,Norte,Moto,2.8,23,0,0
ORD-20262189,Norte,Moto,5.5,28,0,0
ORD-20262190,Norte,Moto,4.2,29,0,0
ORD-20262191,Centro,Moto,4.0,38,1,1
ORD-20262192,Sur,Moto,5.1,40,1,1
ORD-20262193,Norte,Bici,3.8,30,0,1
ORD-20262194,Norte,Moto,3.3,19,0,0
ORD-20262195,Centro,Moto,3.4,23,0,0
ORD-20262196,Centro,Moto,2.0,12,0,0
ORD-20262197,Centro,Bici,2.5,25,0,0
ORD-20262198,Sur,Moto,6.4,40,0,1
ORD-20262199,Norte,Moto,4.3,30,0,0
ORD-20262200,Centro,Bici,2.5,20,0,0
ORD-20262201,Sur,Moto,5.0,36,0,1
ORD-20262202,Centro,Moto,3.0,38,1,1
ORD-20262203,Centro,Moto,3.0,21,0,0
ORD-20262204,Centro,Moto,2.3,22,1,0
ORD-20262205,Norte,Moto,5.1,29,0,0
ORD-20262206,Sur,Moto,4.4,27,0,0
ORD-20262207,Centro,Bici,1.3,16,0,0
ORD-20262208,Sur,Bici,5.4,48,0,1
ORD-20262209,Centro,Moto,4.0,26,0,0
ORD-20262210,Sur,Moto,3.7,23,0,1
ORD-20262211,Norte,Moto,3.8,25,0,0
ORD-20262212,Sur,Moto,3.7,22,0,1
ORD-20262213,Centro,Moto,3.1,19,0,0
ORD-20262214,Sur,Moto,5.7,31,0,1
ORD-20262215,Norte,Moto,4.8,37,0,1
ORD-20262216,Centro,Moto,1.8,29,1,0
ORD-20262217,Sur,Moto,5.1,33,0,0
ORD-20262218,Centro,Bici,1.2,18,0,0
ORD-20262219,Sur,Moto,5.2,35,0,0
ORD-20262220,Centro,Moto,3.2,32,1,1
ORD-20262221,Norte,Bici,3.1,23,0,0
ORD-20262222,Norte,Moto,2.7,18,0,0
ORD-20262223,Centro,Moto,3.8,23,0,0
ORD-20262224,Centro,Bici,2.0,17,0,0
ORD-20262225,Centro,Moto,3.4,17,0,0
ORD-20262226,Centro,Bici,2.4,26,0,0
ORD-20262227,Centro,Moto,2.4,28,1,0
ORD-20262228,Norte,Moto,5.7,28,0,0
ORD-20262229,Centro,Bici,1.8,26,1,0
ORD-20262230,Centro,Bici,2.6,42,1,1
ORD-20262231,Norte,Moto,4.4,23,0,0
ORD-20262232,Centro,Bici,1.4,17,0,0
ORD-20262233,Sur,Moto,5.5,32,0,0
ORD-20262234,Sur,Moto,4.6,41,1,1
ORD-20262235,Norte,Moto,4.8,25,0,0
ORD-20262236,Norte,Moto,3.2,21,0,0
ORD-20262237,Sur,Bici,7.4,66,0,1
ORD-20262238,Centro,Moto,3.2,32,1,1
ORD-20262239,Centro,Bici,3.3,32,0,1
ORD-20262240,Centro,Bici,2.3,25,0,0
ORD-20262241,Norte,Moto,2.4,23,0,0
ORD-20262242,Centro,Moto,4.1,35,0,1
ORD-20262243,Norte,Moto,4.9,27,0,0
ORD-20262244,Sur,Moto,3.9,23,1,0
ORD-20262245,Sur,Moto,5.6,36,0,0
ORD-20262246,Norte,Moto,6.8,40,0,1
ORD-20262247,Centro,Moto,2.5,20,0,0
ORD-20262248,Sur,Moto,6.9,41,0,1
ORD-20262249,Norte,Moto,6.6,38,0,1
ORD-20262250,Centro,Bici,1.6,21,0,0
ORD-20262251,Centro,Moto,2.0,18,0,0
ORD-20262252,Sur,Moto,6.4,29,0,0
ORD-20262253,Norte,Moto,0.9,10,0,0
ORD-20262254,Sur,Moto,4.8,29,0,0
ORD-20262255,Sur,Moto,2.9,20,0,0
ORD-20262256,Norte,Moto,4.3,26,0,0
ORD-20262257,Norte,Moto,4.6,30,0,0
ORD-20262258,Centro,Bici,2.2,26,0,0
ORD-20262259,Centro,Bici,2.1,27,0,0
ORD-20262260,Centro,Bici,1.6,19,0,0
ORD-20262261,Norte,Moto,8.4,41,0,0
ORD-20262262,Norte,Moto,7.8,43,0,0
ORD-20262263,Sur,Moto,3.3,21,0,0
ORD-20262264,Centro,Bici,3.8,38,0,1
ORD-20262265,Norte,Moto,4.4,29,0,0
ORD-20262266,Norte,Moto,5.2,41,0,0
ORD-20262267,Norte,Bici,4.9,41,0,1
ORD-20262268,Norte,Moto,4.0,26,0,0
ORD-20262269,Centro,Moto,3.3,29,0,0
ORD-20262270,Norte,Moto,5.2,28,0,0
ORD-20262271,Centro,Moto,2.1,16,0,0
ORD-20262272,Centro,Moto,1.5,11,0,0
ORD-20262273,Centro,Bici,1.8,20,0,0
ORD-20262274,Norte,Moto,2.5,24,1,0
ORD-20262275,Sur,Moto,5.0,35,0,1
ORD-20262276,Norte,Moto,3.2,21,0,0
ORD-20262277,Norte,Bici,4.6,36,0,0
ORD-20262278,Norte,Moto,7.1,46,0,1
ORD-20262279,Norte,Moto,6.8,40,0,1
ORD-20262280,Centro,Bici,2.5,29,0,0
ORD-20262281,Centro,Bici,2.4,20,0,0
ORD-20262282,Centro,Moto,4.0,26,0,0
ORD-20262283,Centro,Bici,2.9,31,0,0
ORD-20262284,Centro,Bici,2.2,21,0,0
ORD-20262285,Centro,Bici,1.4,13,0,0
ORD-20262286,Centro,Bici,2.8,27,0,0
ORD-20262287,Sur,Moto,6.2,54,1,1
ORD-20262288,Centro,Bici,2.0,25,0,0
ORD-20262289,Centro,Bici,2.7,34,1,1
ORD-20262290,Centro,Moto,2.2,13,0,0
ORD-20262291,Norte,Moto,4.7,27,0,0
ORD-20262292,Centro,Bici,0.5,10,0,0
ORD-20262293,Centro,Bici,2.3,25,0,0
ORD-20262294,Norte,Moto,6.5,37,0,1
ORD-20262295,Centro,Bici,2.0,19,0,0
ORD-20262296,Centro,Bici,2.5,41,1,0
ORD-20262297,Centro,Bici,1.9,21,0,0
ORD-20262298,Centro,Bici,2.8,29,0,0
ORD-20262299,Centro,Bici,2.3,17,0,0
ORD-20262300,Centro,Bici,1.7,12,0,0
ORD-20262301,Sur,Moto,7.0,31,0,1
ORD-20262302,Norte,Moto,6.4,34,0,0
ORD-20262303,Norte,Moto,4.1,39,1,1
ORD-20262304,Centro,Bici,2.9,18,0,0
ORD-20262305,Sur,Moto,5.8,42,0,1
ORD-20262306,Centro,Bici,3.0,30,0,0
ORD-20262307,Centro,Moto,1.1,25,1,0
ORD-20262308,Norte,Moto,6.5,33,0,1
ORD-20262309,Centro,Bici,2.0,33,1,1
ORD-20262310,Centro,Bici,2.2,23,0,0
ORD-20262311,Norte,Moto,9.0,56,0,0
ORD-20262312,Sur,Moto,5.5,31,0,0
ORD-20262313,Centro,Bici,2.2,24,0,0
ORD-20262314,Norte,Moto,1.7,16,0,0
ORD-20262315,Sur,Moto,7.1,37,0,1
ORD-20262316,Centro,Bici,1.4,17,0,0
ORD-20262317,Centro,Bici,1.7,13,0,0
ORD-20262318,Centro,Bici,2.2,25,0,0
ORD-20262319,Centro,Moto,3.6,43,1,1
ORD-20262320,Centro,Moto,3.1,17,0,0
ORD-20262321,Sur,Moto,4.8,29,0,0
ORD-20262322,Norte,Moto,5.5,37,0,1
ORD-20262323,Norte,Moto,4.1,26,0,0
ORD-20262324,Centro,Bici,2.6,26,0,0
ORD-20262325,Sur,Moto,5.1,29,0,0
ORD-20262326,Sur,Moto,6.5,35,0,1
ORD-20262327,Sur,Moto,6.5,37,0,1
ORD-20262328,Centro,Bici,2.9,28,0,0
ORD-20262329,Norte,Moto,4.5,23,0,0
ORD-20262330,Centro,Moto,3.1,20,0,0
ORD-20262331,Centro,Bici,2.4,42,1,0
ORD-20262332,Centro,Bici,1.6,17,0,0
ORD-20262333,Norte,Moto,4.4,22,0,0
ORD-20262334,Norte,Moto,5.1,30,0,0
ORD-20262335,Centro,Moto,3.2,19,0,0
ORD-20262336,Centro,Bici,2.4,19,0,0
ORD-20262337,Centro,Bici,1.5,17,0,0
ORD-20262338,Centro,Bici,2.5,31,1,1
ORD-20262339,Centro,Moto,2.6,16,0,0
ORD-20262340,Centro,Bici,2.6,37,1,0
ORD-20262341,Norte,Moto,6.4,28,0,0
ORD-20262342,Centro,Moto,3.3,16,0,0
ORD-20262343,Centro,Bici,2.0,23,0,0
ORD-20262344,Centro,Moto,2.0,11,0,0
ORD-20262345,Sur,Moto,3.4,19,0,0
ORD-20262346,Norte,Moto,6.0,33,1,1
ORD-20262347,Norte,Moto,7.2,47,1,0
ORD-20262348,Centro,Moto,2.2,28,1,0
ORD-20262349,Norte,Moto,4.6,28,0,0
ORD-20262350,Centro,Bici,3.7,61,1,1
ORD-20262351,Norte,Bici,5.8,60,0,1
ORD-20262352,Sur,Moto,5.7,37,1,0
ORD-20262353,Norte,Moto,3.2,17,0,0
ORD-20262354,Sur,Moto,6.0,49,0,1
ORD-20262355,Norte,Moto,3.6,38,1,1
ORD-20262356,Centro,Moto,1.6,25,1,0
ORD-20262357,Sur,Moto,4.5,28,0,0
ORD-20262358,Centro,Bici,2.0,22,0,0
ORD-20262359,Norte,Moto,4.7,22,0,0
ORD-20262360,Centro,Moto,1.3,12,0,0
ORD-20262361,Centro,Moto,3.3,22,0,0
ORD-20262362,Centro,Moto,3.4,19,0,0
ORD-20262363,Centro,Moto,0.9,10,0,1
ORD-20262364,Centro,Moto,3.3,26,0,0
ORD-20262365,Norte,Moto,3.8,24,0,0
ORD-20262366,Centro,Moto,3.2,28,0,0
ORD-20262367,Centro,Bici,2.4,18,0,0
ORD-20262368,Norte,Moto,5.0,28,0,0
ORD-20262369,Centro,Bici,2.4,19,0,0
ORD-20262370,Norte,Bici,6.8,49,0,1
ORD-20262371,Norte,Moto,3.1,18,0,0
ORD-20262372,Sur,Moto,5.9,36,0,1
ORD-20262373,Norte,Moto,6.7,40,0,1
ORD-20262374,Centro,Bici,3.1,27,0,0
ORD-20262375,Norte,Moto,8.5,38,1,1
ORD-20262376,Centro,Bici,2.1,27,0,0
ORD-20262377,Centro,Moto,3.3,21,0,0
ORD-20262378,Norte,Moto,4.8,24,0,0
ORD-20262379,Centro,Moto,3.5,23,0,0
ORD-20262380,Norte,Moto,5.0,31,0,0
ORD-20262381,Sur,Moto,4.4,26,0,0
ORD-20262382,Sur,Moto,7.0,41,0,0
ORD-20262383,Sur,Moto,4.3,22,0,0
ORD-20262384,Centro,Bici,1.4,18,0,0
ORD-20262385,Centro,Bici,2.1,19,0,0
ORD-20262386,Norte,Moto,5.9,31,0,1
ORD-20262387,Centro,Moto,3.6,36,1,1
ORD-20262388,Norte,Moto,5.2,37,0,0
ORD-20262389,Norte,Moto,7.0,50,0,1
ORD-20262390,Norte,Moto,3.0,23,0,0
ORD-20262391,Centro,Moto,2.1,24,1,0
ORD-20262392,Centro,Bici,2.3,18,0,0
ORD-20262393,Centro,Bici,2.4,29,0,0
ORD-20262394,Centro,Bici,2.6,31,0,1
ORD-20262395,Sur,Moto,6.0,31,0,1
ORD-20262396,Centro,Moto,2.1,18,0,0
ORD-20262397,Centro,Bici,2.6,25,0,0
ORD-20262398,Centro,Bici,2.5,43,1,0
ORD-20262399,Norte,Moto,3.6,30,1,0
ORD-20262400,Norte,Moto,4.8,38,0,1
ORD-20262401,Centro,Bici,2.4,38,1,1
ORD-20262402,Centro,Bici,2.4,31,0,0
ORD-20262403,Centro,Moto,2.5,16,0,0
ORD-20262404,Centro,Moto,2.6,19,0,0
ORD-20262405,Norte,Moto,4.4,23,0,0
ORD-20262406,Norte,Moto,6.9,45,0,1
ORD-20262407,Centro,Bici,1.6,20,0,0
ORD-20262408,Centro,Bici,1.9,27,0,0
ORD-20262409,Sur,Moto,9.2,55,0,0
ORD-20262410,Centro,Bici,1.7,32,1,0
ORD-20262411,Norte,Moto,3.0,19,0,0
ORD-20262412,Centro,Moto,3.1,33,1,1
ORD-20262413,Centro,Bici,0.8,11,0,0
ORD-20262414,Centro,Bici,2.3,34,1,1
ORD-20262415,Norte,Moto,8.2,47,0,0
ORD-20262416,Sur,Moto,2.7,18,0,0
ORD-20262417,Centro,Bici,0.9,22,1,0
ORD-20262418,Centro,Moto,1.3,11,0,0
ORD-20262419,Centro,Moto,3.2,20,0,0
ORD-20262420,Centro,Bici,3.4,37,0,0
ORD-20262421,Centro,Bici,2.1,22,0,0
ORD-20262422,Centro,Moto,3.0,32,1,0
ORD-20262423,Norte,Bici,7.1,48,0,0
ORD-20262424,Centro,Moto,3.9,37,1,0
ORD-20262425,Centro,Moto,2.3,18,0,0
ORD-20262426,Sur,Moto,1.5,12,0,0
ORD-20262427,Centro,Bici,1.8,25,0,0
ORD-20262428,Sur,Moto,4.4,18,0,0
ORD-20262429,Centro,Bici,2.3,26,0,0
ORD-20262430,Sur,Moto,4.7,32,0,1
ORD-20262431,Norte,Moto,6.7,42,0,1
ORD-20262432,Sur,Moto,6.9,41,0,1
ORD-20262433,Sur,Moto,4.7,31,0,0
ORD-20262434,Centro,Moto,3.4,25,0,0
ORD-20262435,Sur,Moto,5.5,29,0,0
ORD-20262436,Centro,Moto,2.6,19,0,0
ORD-20262437,Centro,Moto,3.2,20,0,0
ORD-20262438,Centro,Bici,2.6,22,0,0
ORD-20262439,Norte,Bici,8.1,77,0,1
ORD-20262440,Centro,Bici,1.3,14,0,0
ORD-20262441,Norte,Bici,4.2,30,0,0
ORD-20262442,Norte,Moto,4.8,27,0,0
ORD-20262443,Norte,Moto,5.7,38,1,1
ORD-20262444,Sur,Moto,6.9,46,0,1
ORD-20262445,Centro,Bici,2.5,26,0,0
ORD-20262446,Centro,Bici,1.4,20,0,0
ORD-20262447,Centro,Moto,3.2,19,0,0
ORD-20262448,Centro,Moto,3.1,23,0,0
ORD-20262449,Centro,Bici,0.9,17,0,0
ORD-20262450,Centro,Moto,2.5,18,0,0
ORD-20262451,Centro,Moto,1.2,12,0,0
ORD-20262452,Sur,Moto,4.0,28,0,0
ORD-20262453,Norte,Moto,3.6,18,0,0
ORD-20262454,Centro,Moto,3.1,22,0,0
ORD-20262455,Norte,Moto,5.2,32,0,0
ORD-20262456,Centro,Bici,1.5,16,0,0
ORD-20262457,Centro,Moto,3.2,18,0,0
ORD-20262458,Norte,Moto,2.8,21,0,0
ORD-20262459,Centro,Moto,2.8,16,0,0
ORD-20262460,Centro,Bici,1.8,26,0,0
ORD-20262461,Sur,Moto,4.5,28,0,0
ORD-20262462,Sur,Moto,5.8,28,0,0
ORD-20262463,Norte,Moto,5.8,41,1,0
ORD-20262464,Norte,Moto,7.0,38,0,1
ORD-20262465,Norte,Moto,4.9,40,0,0
ORD-20262466,Centro,Bici,2.7,32,1,0
ORD-20262467,Centro,Bici,2.1,31,1,0
ORD-20262468,Centro,Bici,2.6,24,0,0
ORD-20262469,Centro,Bici,2.9,30,0,0
ORD-20262470,Norte,Moto,4.9,27,0,0
ORD-20262471,Centro,Bici,1.1,11,0,0
ORD-20262472,Sur,Moto,5.5,41,1,1
ORD-20262473,Sur,Moto,5.5,31,0,0
ORD-20262474,Norte,Moto,4.0,23,0,0
ORD-20262475,Norte,Moto,3.1,19,0,0
ORD-20262476,Sur,Moto,7.2,60,1,1
ORD-20262477,Centro,Moto,2.9,28,1,0
ORD-20262478,Norte,Moto,4.7,32,1,1
ORD-20262479,Centro,Moto,1.6,12,0,0
ORD-20262480,Norte,Bici,3.8,36,0,1
ORD-20262481,Centro,Moto,3.5,18,0,0
ORD-20262482,Sur,Moto,5.2,39,0,1
ORD-20262483,Sur,Moto,4.2,29,0,0
ORD-20262484,Centro,Bici,2.9,34,0,0
ORD-20262485,Centro,Bici,1.8,31,1,1
ORD-20262486,Sur,Moto,7.3,28,0,0
ORD-20262487,Centro,Moto,3.6,28,0,0
ORD-20262488,Sur,Moto,4.3,23,0,0
ORD-20262489,Norte,Moto,4.1,23,0,0
ORD-20262490,Centro,Bici,0.5,19,1,0
ORD-20262491,Centro,Bici,1.3,19,0,0
ORD-20262492,Centro,Bici,1.4,19,0,0
ORD-20262493,Norte,Moto,5.2,35,0,1
ORD-20262494,Centro,Bici,2.2,22,0,0
ORD-20262495,Norte,Moto,3.0,19,0,0
ORD-20262496,Centro,Bici,2.3,25,0,0
ORD-20262497,Norte,Moto,5.8,33,0,0
ORD-20262498,Sur,Moto,5.8,39,0,1
ORD-20262499,Sur,Moto,2.2,29,1,0
ORD-20262500,Centro,Bici,2.4,26,0,0
ORD-20262501,Sur,Moto,2.9,12,0,0
ORD-20262502,Norte,Moto,6.4,48,1,1
ORD-20262503,Norte,Moto,6.2,35,0,1
ORD-20262504,Sur,Moto,3.7,24,0,0
ORD-20262505,Centro,Bici,1.9,18,0,0
ORD-20262506,Centro,Bici,2.1,17,0,0
ORD-20262507,Sur,Bici,1.6,30,1,0
ORD-20262508,Centro,Bici,2.8,26,0,0
ORD-20262509,Sur,Moto,4.6,41,1,1
ORD-20262510,Sur,Moto,6.5,34,0,0
ORD-20262511,Centro,Bici,1.6,22,0,0
ORD-20262512,Sur,Moto,4.1,41,1,1
ORD-20262513,Centro,Bici,1.3,16,0,0
ORD-20262514,Norte,Moto,3.5,31,1,1
ORD-20262515,Norte,Moto,3.2,24,0,0
ORD-20262516,Sur,Moto,6.5,40,0,1
ORD-20262517,Centro,Bici,1.9,31,1,0
ORD-20262518,Centro,Bici,2.6,30,0,0
ORD-20262519,Norte,Moto,4.4,45,1,1
ORD-20262520,Norte,Moto,3.1,25,1,0
ORD-20262521,Norte,Moto,4.7,32,1,1
ORD-20262522,Centro,Moto,3.0,18,0,0
ORD-20262523,Centro,Bici,1.5,13,0,0
ORD-20262524,Centro,Moto,3.1,30,1,0
ORD-20262525,Sur,Moto,3.7,26,0,0
ORD-20262526,Centro,Bici,2.1,22,0,0
ORD-20262527,Centro,Bici,2.9,35,1,0
ORD-20262528,Sur,Moto,4.0,29,0,0
ORD-20262529,Centro,Bici,2.5,36,1,0
ORD-20262530,Sur,Moto,4.5,29,0,0
ORD-20262531,Norte,Moto,5.2,36,0,0
ORD-20262532,Sur,Bici,1.4,16,0,0
ORD-20262533,Centro,Bici,1.0,17,0,0
ORD-20262534,Centro,Moto,3.0,19,0,0
ORD-20262535,Norte,Bici,6.6,75,0,0
ORD-20262536,Sur,Moto,3.6,28,1,0
ORD-20262537,Norte,Moto,4.6,30,0,0
ORD-20262538,Centro,Bici,2.7,24,0,0
ORD-20262539,Norte,Moto,6.0,41,0,0
ORD-20262540,Norte,Moto,2.0,14,0,0
ORD-20262541,Norte,Moto,3.7,25,0,0
ORD-20262542,Norte,Moto,4.5,25,0,0
ORD-20262543,Sur,Moto,6.1,40,0,1
ORD-20262544,Norte,Moto,8.7,44,0,1
ORD-20262545,Centro,Moto,2.3,21,0,0
ORD-20262546,Centro,Bici,1.4,14,0,0
ORD-20262547,Centro,Bici,2.8,22,0,0
ORD-20262548,Centro,Moto,3.6,26,0,0
ORD-20262549,Centro,Moto,2.6,16,0,0
ORD-20262550,Centro,Bici,1.8,19,0,0
ORD-20262551,Centro,Moto,3.3,20,0,0
ORD-20262552,Centro,Moto,3.0,16,0,0
ORD-20262553,Sur,Moto,3.5,32,1,1
ORD-20262554,Sur,Bici,5.6,71,1,1
ORD-20262555,Centro,Moto,3.3,25,0,0
ORD-20262556,Sur,Moto,6.8,51,1,0
ORD-20262557,Norte,Moto,4.9,34,0,0
ORD-20262558,Centro,Moto,2.2,13,0,0
ORD-20262559,Centro,Moto,3.5,21,0,0
ORD-20262560,Norte,Moto,3.2,22,0,0
ORD-20262561,Norte,Moto,5.7,33,0,0
ORD-20262562,Norte,Moto,2.9,19,0,0
ORD-20262563,Centro,Moto,3.4,18,0,0
ORD-20262564,Centro,Moto,2.3,11,0,0
ORD-20262565,Centro,Moto,3.5,25,0,0
ORD-20262566,Centro,Bici,2.9,29,0,0
ORD-20262567,Centro,Bici,1.5,31,1,1
ORD-20262568,Centro,Moto,3.6,21,0,0
ORD-20262569,Sur,Moto,7.3,37,0,0
ORD-20262570,Sur,Moto,6.3,37,0,1
ORD-20262571,Centro,Bici,1.9,23,0,0
ORD-20262572,Sur,Moto,4.5,27,0,0
ORD-20262573,Centro,Bici,2.6,29,0,0
ORD-20262574,Centro,Bici,1.9,17,0,0
ORD-20262575,Centro,Moto,3.9,24,0,0
ORD-20262576,Norte,Moto,5.2,31,0,1
ORD-20262577,Sur,Moto,0.9,11,0,0
ORD-20262578,Norte,Moto,5.5,34,0,1
ORD-20262579,Centro,Bici,2.2,29,0,0
ORD-20262580,Norte,Moto,4.9,24,0,0
ORD-20262581,Centro,Bici,2.2,33,1,0
ORD-20262582,Sur,Moto,6.2,37,0,1
ORD-20262583,Norte,Moto,6.7,42,0,0
ORD-20262584,Centro,Bici,2.7,23,0,0
ORD-20262585,Norte,Moto,4.5,34,0,1
ORD-20262586,Norte,Bici,4.9,44,0,1
ORD-20262587,Centro,Moto,2.5,15,0,0
ORD-20262588,Norte,Moto,3.8,24,0,0
ORD-20262589,Centro,Moto,3.0,19,0,0
ORD-20262590,Norte,Moto,5.7,47,0,1
ORD-20262591,Sur,Moto,7.3,60,1,0
ORD-20262592,Sur,Moto,6.9,40,0,1
ORD-20262593,Norte,Moto,4.0,25,0,0
ORD-20262594,Norte,Moto,6.2,41,0,1
ORD-20262595,Centro,Moto,1.7,16,0,0
ORD-20262596,Norte,Moto,6.0,20,0,0
ORD-20262597,Centro,Moto,2.1,17,0,0
ORD-20262598,Centro,Bici,1.7,29,1,0
ORD-20262599,Centro,Bici,2.7,21,0,0
ORD-20262600,Centro,Bici,0.5,10,0,0
ORD-20262601,Norte,Moto,2.4,23,0,0
ORD-20262602,Centro,Bici,2.4,26,0,0
ORD-20262603,Norte,Moto,5.1,36,0,1
ORD-20262604,Centro,Bici,2.2,29,0,1
ORD-20262605,Centro,Bici,1.2,13,0,0
ORD-20262606,Norte,Bici,3.8,26,0,0
ORD-20262607,Centro,Moto,2.8,21,0,0
ORD-20262608,Centro,Moto,3.0,19,0,0
ORD-20262609,Norte,Moto,5.0,24,0,0
ORD-20262610,Centro,Moto,3.4,32,1,1
ORD-20262611,Sur,Bici,5.6,55,0,1
ORD-20262612,Centro,Moto,1.9,14,0,0
ORD-20262613,Centro,Bici,2.3,21,0,0
ORD-20262614,Norte,Moto,2.9,19,0,0
ORD-20262615,Centro,Bici,2.4,24,0,0
ORD-20262616,Centro,Moto,3.4,23,1,0
ORD-20262617,Centro,Moto,3.0,20,0,0
ORD-20262618,Centro,Moto,3.6,18,0,0
ORD-20262619,Sur,Moto,4.5,30,0,0
ORD-20262620,Centro,Moto,3.6,18,0,0
ORD-20262621,Norte,Bici,4.7,49,0,1
ORD-20262622,Sur,Moto,7.2,48,1,0
ORD-20262623,Centro,Bici,2.5,23,0,0
ORD-20262624,Sur,Moto,6.1,48,1,0
ORD-20262625,Centro,Bici,3.7,30,0,0
ORD-20262626,Sur,Moto,4.7,30,0,0
ORD-20262627,Centro,Bici,2.7,24,0,0
ORD-20262628,Norte,Moto,6.9,36,0,1
ORD-20262629,Centro,Moto,2.4,29,1,0
ORD-20262630,Centro,Moto,1.4,10,0,0
ORD-20262631,Norte,Moto,8.2,45,1,1
ORD-20262632,Norte,Moto,4.3,27,0,0
ORD-20262633,Centro,Moto,2.6,18,0,0
ORD-20262634,Centro,Moto,3.4,33,1,1
ORD-20262635,Norte,Bici,4.1,40,0,1
ORD-20262636,Norte,Moto,3.5,23,0,1
ORD-20262637,Sur,Moto,5.4,35,0,1
ORD-20262638,Norte,Moto,2.3,27,1,0
ORD-20262639,Sur,Moto,4.6,20,0,0
ORD-20262640,Norte,Moto,5.4,24,0,0
ORD-20262641,Centro,Moto,2.3,21,0,0
ORD-20262642,Centro,Bici,1.3,15,0,0
ORD-20262643,Norte,Moto,7.4,48,0,1
ORD-20262644,Norte,Moto,5.2,29,0,0
ORD-20262645,Centro,Moto,3.6,23,0,0
ORD-20262646,Centro,Moto,2.3,15,0,0
ORD-20262647,Sur,Moto,3.7,32,0,1
ORD-20262648,Norte,Moto,5.4,33,0,0
ORD-20262649,Centro,Bici,2.3,22,0,0
ORD-20262650,Centro,Bici,1.6,13,0,0
ORD-20262651,Centro,Moto,3.7,30,0,0
ORD-20262652,Centro,Moto,2.0,15,0,0
ORD-20262653,Centro,Moto,1.0,11,0,0
ORD-20262654,Centro,Moto,3.6,37,1,0
ORD-20262655,Norte,Moto,4.2,24,0,0
ORD-20262656,Centro,Bici,2.0,23,0,1
ORD-20262657,Sur,Bici,2.4,22,0,0
ORD-20262658,Sur,Moto,7.6,37,0,1
ORD-20262659,Centro,Bici,1.5,32,1,1
ORD-20262660,Norte,Moto,5.1,30,0,0
ORD-20262661,Centro,Moto,3.2,23,0,0
ORD-20262662,Sur,Moto,5.6,35,0,1
ORD-20262663,Centro,Moto,2.5,19,0,0
ORD-20262664,Norte,Moto,2.4,13,0,0
ORD-20262665,Norte,Bici,3.8,41,1,1
ORD-20262666,Centro,Bici,2.7,25,0,0
ORD-20262667,Centro,Bici,1.9,18,0,0
ORD-20262668,Norte,Moto,5.3,34,0,1
ORD-20262669,Norte,Bici,6.0,62,0,1
ORD-20262670,Centro,Moto,3.3,26,0,0
ORD-20262671,Norte,Moto,3.2,29,1,0
ORD-20262672,Centro,Moto,4.3,28,0,0
ORD-20262673,Norte,Moto,6.2,38,0,1
ORD-20262674,Centro,Bici,2.5,27,0,0
ORD-20262675,Sur,Moto,6.6,33,0,1
ORD-20262676,Centro,Moto,4.4,34,0,1
ORD-20262677,Centro,Bici,1.3,18,0,0
ORD-20262678,Centro,Moto,2.3,19,0,0
ORD-20262679,Centro,Bici,0.6,12,0,0
ORD-20262680,Norte,Bici,5.3,51,0,0
ORD-20262681,Centro,Bici,2.8,23,0,0
ORD-20262682,Sur,Moto,4.9,29,0,0
ORD-20262683,Centro,Moto,2.0,11,0,0
ORD-20262684,Centro,Moto,0.9,10,0,1
ORD-20262685,Centro,Bici,2.8,27,0,0
ORD-20262686,Centro,Moto,3.7,23,0,0
ORD-20262687,Centro,Bici,2.0,25,0,0
ORD-20262688,Centro,Moto,2.9,18,0,0
ORD-20262689,Centro,Moto,1.2,11,0,0
ORD-20262690,Centro,Moto,2.9,20,0,0
ORD-20262691,Norte,Moto,4.4,20,0,0
ORD-20262692,Norte,Moto,3.9,24,0,0
ORD-20262693,Centro,Bici,1.9,13,0,0
ORD-20262694,Centro,Bici,2.2,21,0,0
ORD-20262695,Sur,Moto,5.6,37,0,1
ORD-20262696,Norte,Bici,3.0,31,0,0
ORD-20262697,Norte,Moto,4.4,25,0,0
ORD-20262698,Centro,Bici,2.5,25,0,0
ORD-20262699,Norte,Moto,3.4,18,0,0
ORD-20262700,Norte,Moto,7.7,53,1,1
ORD-20262701,Norte,Moto,3.7,34,0,0
ORD-20262702,Sur,Moto,4.0,45,1,1
ORD-20262703,Centro,Bici,1.7,19,0,0
ORD-20262704,Centro,Moto,3.9,25,0,0
ORD-20262705,Norte,Moto,5.8,29,0,0
ORD-20262706,Sur,Bici,3.6,30,0,0
ORD-20262707,Centro,Bici,3.4,34,0,1
ORD-20262708,Centro,Bici,2.7,25,0,0
ORD-20262709,Centro,Bici,2.7,42,1,1
ORD-20262710,Centro,Moto,2.2,20,0,0
ORD-20262711,Norte,Moto,3.9,36,1,0
ORD-20262712,Norte,Moto,5.5,33,0,0
ORD-20262713,Centro,Bici,2.1,16,0,0
ORD-20262714,Centro,Moto,4.0,28,0,0
ORD-20262715,Centro,Bici,1.5,14,0,0
ORD-20262716,Centro,Moto,3.7,22,0,0
ORD-20262717,Norte,Moto,4.8,45,1,1
ORD-20262718,Sur,Moto,5.4,37,0,0
ORD-20262719,Sur,Bici,6.2,51,0,0
ORD-20262720,Centro,Bici,2.0,20,0,0
ORD-20262721,Sur,Moto,6.3,33,0,1
ORD-20262722,Norte,Bici,0.9,10,0,0
ORD-20262723,Norte,Moto,3.9,22,0,0
ORD-20262724,Centro,Bici,1.8,15,0,0
ORD-20262725,Centro,Bici,1.5,19,0,0
ORD-20262726,Centro,Bici,2.3,25,0,0
ORD-20262727,Centro,Moto,2.8,21,0,0
ORD-20262728,Centro,Bici,3.1,26,0,0
ORD-20262729,Centro,Bici,2.7,22,0,0
ORD-20262730,Centro,Bici,2.0,21,0,0
ORD-20262731,Norte,Moto,5.6,43,1,1
ORD-20262732,Centro,Bici,2.6,35,1,1
ORD-20262733,Centro,Moto,3.2,20,0,0
ORD-20262734,Sur,Moto,6.2,58,1,1
ORD-20262735,Sur,Moto,5.0,32,0,1
ORD-20262736,Norte,Moto,3.7,30,0,0
ORD-20262737,Sur,Moto,4.0,30,0,0
ORD-20262738,Norte,Moto,4.2,45,1,1
ORD-20262739,Sur,Moto,4.5,23,0,0
ORD-20262740,Centro,Moto,2.7,20,0,0
ORD-20262741,Centro,Moto,3.1,29,1,0
ORD-20262742,Centro,Bici,2.5,19,0,0
ORD-20262743,Centro,Moto,2.5,21,0,0
ORD-20262744,Centro,Moto,2.6,17,0,0
ORD-20262745,Norte,Moto,4.2,22,0,0
ORD-20262746,Norte,Moto,3.6,22,0,0
ORD-20262747,Norte,Moto,2.4,15,0,0
ORD-20262748,Centro,Bici,1.9,18,0,0
ORD-20262749,Sur,Moto,5.7,32,0,0
ORD-20262750,Norte,Moto,3.9,31,0,1
ORD-20262751,Centro,Bici,2.3,21,0,0
ORD-20262752,Norte,Moto,5.7,42,0,1
ORD-20262753,Centro,Bici,2.9,32,0,0
ORD-20262754,Centro,Bici,1.6,19,0,0
ORD-20262755,Sur,Moto,6.5,53,1,0
ORD-20262756,Centro,Moto,3.4,22,0,0
ORD-20262757,Centro,Bici,1.6,21,0,0
ORD-20262758,Sur,Moto,3.8,37,1,1
ORD-20262759,Norte,Moto,6.8,29,0,0
ORD-20262760,Centro,Moto,2.4,18,0,0
ORD-20262761,Centro,Moto,0.7,10,0,0
ORD-20262762,Centro,Bici,1.4,15,0,0
ORD-20262763,Norte,Moto,4.6,39,1,0
ORD-20262764,Centro,Bici,1.6,16,0,0
ORD-20262765,Centro,Bici,2.2,18,0,0
ORD-20262766,Sur,Moto,5.0,31,1,0
ORD-20262767,Norte,Bici,7.2,48,0,1
ORD-20262768,Centro,Bici,2.3,26,0,0
ORD-20262769,Norte,Moto,6.6,24,0,0
ORD-20262770,Norte,Moto,7.1,36,0,0
ORD-20262771,Centro,Moto,3.6,20,0,0
ORD-20262772,Centro,Moto,2.7,18,0,0
ORD-20262773,Sur,Moto,2.1,11,0,0
ORD-20262774,Centro,Bici,2.9,30,0,1
ORD-20262775,Norte,Moto,6.6,31,0,0
ORD-20262776,Centro,Moto,2.4,20,0,0
ORD-20262777,Centro,Moto,3.9,22,0,0
ORD-20262778,Centro,Moto,3.2,21,0,0
ORD-20262779,Centro,Moto,3.0,30,1,0
ORD-20262780,Centro,Moto,3.4,23,0,0
ORD-20262781,Centro,Bici,2.8,28,0,0
ORD-20262782,Sur,Moto,1.3,11,0,1
ORD-20262783,Sur,Moto,4.3,28,0,0
ORD-20262784,Norte,Moto,6.8,42,0,1
ORD-20262785,Sur,Moto,3.8,21,0,0
ORD-20262786,Centro,Bici,2.3,25,0,0
ORD-20262787,Sur,Moto,3.4,38,1,0
ORD-20262788,Centro,Moto,3.9,27,0,0
ORD-20262789,Sur,Moto,7.5,48,0,1
ORD-20262790,Sur,Moto,3.7,24,0,0
ORD-20262791,Norte,Moto,5.2,27,0,0
ORD-20262792,Sur,Moto,4.0,22,0,0
ORD-20262793,Norte,Moto,5.9,36,0,0
ORD-20262794,Centro,Bici,2.9,32,0,0
ORD-20262795,Centro,Moto,3.1,29,0,0
ORD-20262796,Norte,Bici,5.5,56,0,1
ORD-20262797,Centro,Moto,4.8,24,0,0
ORD-20262798,Norte,Bici,3.5,29,0,0
ORD-20262799,Sur,Moto,2.4,23,0,0
ORD-20262800,Centro,Bici,2.2,22,0,0
ORD-20262801,Norte,Moto,2.6,18,0,0
ORD-20262802,Sur,Moto,2.8,25,1,0
ORD-20262803,Sur,Moto,3.5,28,0,0
ORD-20262804,Sur,Moto,3.6,25,0,0
ORD-20262805,Norte,Moto,3.6,29,1,0
ORD-20262806,Sur,Moto,5.8,29,0,0
ORD-20262807,Norte,Moto,4.2,38,1,1
ORD-20262808,Centro,Bici,2.4,24,0,0
ORD-20262809,Centro,Bici,3.2,34,0,0
ORD-20262810,Norte,Moto,3.9,27,0,0
ORD-20262811,Centro,Bici,2.3,22,0,0
ORD-20262812,Norte,Moto,5.5,30,0,0
ORD-20262813,Norte,Moto,2.1,15,0,0
ORD-20262814,Centro,Bici,0.6,10,0,0
ORD-20262815,Norte,Moto,5.5,32,0,0
ORD-20262816,Norte,Bici,5.7,51,0,0
ORD-20262817,Centro,Moto,4.2,31,1,1
ORD-20262818,Centro,Bici,2.6,39,1,1
ORD-20262819,Centro,Moto,3.2,29,1,0
ORD-20262820,Centro,Bici,2.3,20,0,0
ORD-20262821,Sur,Moto,5.4,30,0,0
ORD-20262822,Centro,Moto,3.8,25,0,0
ORD-20262823,Norte,Moto,1.8,14,0,0
ORD-20262824,Centro,Bici,2.8,29,0,0
ORD-20262825,Centro,Moto,4.2,30,0,0
ORD-20262826,Sur,Moto,5.4,50,1,1
ORD-20262827,Norte,Moto,7.5,44,0,1
ORD-20262828,Centro,Bici,2.0,26,1,0
ORD-20262829,Centro,Bici,2.5,24,0,0
ORD-20262830,Centro,Moto,2.5,15,0,0
ORD-20262831,Centro,Bici,0.7,13,0,0
ORD-20262832,Norte,Moto,3.2,27,0,0
ORD-20262833,Centro,Moto,1.6,25,1,0
ORD-20262834,Centro,Moto,3.2,24,0,0
ORD-20262835,Centro,Moto,3.2,22,0,0
ORD-20262836,Sur,Moto,5.5,34,0,1
ORD-20262837,Sur,Moto,6.2,27,0,0
ORD-20262838,Centro,Bici,2.4,24,0,0
ORD-20262839,Norte,Moto,6.8,34,0,1
ORD-20262840,Centro,Bici,2.5,26,0,0
ORD-20262841,Centro,Bici,2.5,25,0,0
ORD-20262842,Norte,Bici,4.6,54,0,1
ORD-20262843,Sur,Moto,6.0,40,0,1
ORD-20262844,Sur,Moto,4.4,28,0,0
ORD-20262845,Norte,Moto,6.5,36,0,1
ORD-20262846,Centro,Moto,1.6,16,0,0
ORD-20262847,Norte,Moto,3.4,22,0,0
ORD-20262848,Centro,Moto,3.0,21,0,0
ORD-20262849,Norte,Moto,4.9,30,0,0
ORD-20262850,Centro,Bici,2.1,30,1,0
ORD-20262851,Norte,Moto,6.3,37,0,0
ORD-20262852,Centro,Moto,2.0,11,0,0
ORD-20262853,Centro,Moto,2.3,13,0,0
ORD-20262854,Sur,Moto,7.1,43,0,1
ORD-20262855,Centro,Moto,3.7,29,0,0
ORD-20262856,Norte,Moto,7.4,44,0,1
ORD-20262857,Centro,Bici,2.3,21,0,0
ORD-20262858,Centro,Moto,3.5,18,0,0
ORD-20262859,Centro,Bici,1.7,21,0,0
ORD-20262860,Centro,Bici,1.8,18,0,0
ORD-20262861,Sur,Moto,1.5,25,1,0
ORD-20262862,Centro,Moto,3.8,36,1,1
ORD-20262863,Sur,Moto,3.7,36,1,0
ORD-20262864,Norte,Moto,4.8,29,0,0
ORD-20262865,Centro,Bici,1.8,21,0,0
ORD-20262866,Norte,Moto,6.0,34,0,1
ORD-20262867,Norte,Moto,4.4,24,0,0
ORD-20262868,Norte,Moto,3.0,17,0,0
ORD-20262869,Centro,Bici,2.9,18,0,0
ORD-20262870,Centro,Bici,1.4,25,1,0
ORD-20262871,Sur,Moto,3.7,29,0,0
ORD-20262872,Sur,Moto,1.8,16,0,0
ORD-20262873,Sur,Bici,2.9,29,0,0
ORD-20262874,Centro,Bici,2.6,32,1,1
ORD-20262875,Norte,Moto,2.1,18,0,0
ORD-20262876,Centro,Moto,1.3,11,0,0
ORD-20262877,Centro,Bici,2.5,31,0,1
ORD-20262878,Centro,Bici,2.1,19,0,0
ORD-20262879,Norte,Moto,8.0,40,0,1
ORD-20262880,Centro,Moto,4.0,22,0,1
ORD-20262881,Centro,Moto,1.8,19,1,0
ORD-20262882,Sur,Moto,5.8,29,0,0
ORD-20262883,Centro,Moto,3.1,21,0,0
ORD-20262884,Centro,Bici,2.0,19,0,0
ORD-20262885,Centro,Bici,1.3,11,1,0
ORD-20262886,Sur,Moto,5.0,46,1,0
ORD-20262887,Norte,Moto,4.7,21,0,0
ORD-20262888,Centro,Bici,2.2,35,1,1
ORD-20262889,Sur,Bici,5.7,51,0,1
ORD-20262890,Sur,Moto,3.9,32,0,1
ORD-20262891,Centro,Bici,1.6,20,0,0
ORD-20262892,Norte,Moto,5.2,29,0,0
ORD-20262893,Norte,Moto,5.6,30,0,0
ORD-20262894,Norte,Moto,3.2,26,0,0
ORD-20262895,Centro,Bici,3.2,32,1,0
ORD-20262896,Sur,Moto,2.3,17,0,0
ORD-20262897,Norte,Moto,4.1,25,0,0
ORD-20262898,Centro,Bici,2.3,22,0,0
ORD-20262899,Centro,Bici,2.0,22,0,0
ORD-20262900,Centro,Moto,2.0,26,1,0
ORD-20262901,Centro,Moto,4.0,27,0,0
ORD-20262902,Norte,Moto,3.7,34,1,1
ORD-20262903,Centro,Moto,4.5,29,0,0
ORD-20262904,Centro,Bici,2.8,28,0,0
ORD-20262905,Norte,Moto,5.1,27,0,0
ORD-20262906,Centro,Bici,2.9,28,0,0
ORD-20262907,Sur,Bici,8.8,67,0,0
ORD-20262908,Centro,Bici,1.7,16,0,0
ORD-20262909,Centro,Bici,1.6,17,0,0
ORD-20262910,Centro,Bici,1.9,20,0,0
ORD-20262911,Centro,Bici,2.5,25,0,0
ORD-20262912,Centro,Moto,1.1,12,0,0
ORD-20262913,Norte,Moto,5.0,28,0,0
ORD-20262914,Sur,Moto,7.5,44,0,1
ORD-20262915,Centro,Moto,2.6,18,0,0
ORD-20262916,Norte,Moto,4.6,25,0,0
ORD-20262917,Norte,Moto,4.1,36,1,0
ORD-20262918,Sur,Moto,6.3,53,1,0
ORD-20262919,Centro,Moto,1.8,14,0,0
ORD-20262920,Centro,Moto,4.0,26,0,0
ORD-20262921,Centro,Moto,4.0,22,0,0
ORD-20262922,Norte,Moto,5.4,41,0,0
ORD-20262923,Sur,Moto,5.0,36,1,0
ORD-20262924,Centro,Bici,3.3,31,1,1
ORD-20262925,Centro,Bici,3.4,48,1,1
ORD-20262926,Sur,Moto,3.8,24,0,0
ORD-20262927,Sur,Moto,4.2,34,1,1
ORD-20262928,Sur,Moto,3.0,18,0,0
ORD-20262929,Norte,Bici,5.6,64,0,1
ORD-20262930,Centro,Moto,3.0,21,0,0
ORD-20262931,Norte,Moto,3.0,22,0,0
ORD-20262932,Norte,Moto,4.3,27,0,0
ORD-20262933,Centro,Moto,1.4,12,0,0
ORD-20262934,Norte,Moto,3.7,28,0,0
ORD-20262935,Norte,Moto,5.8,42,1,0
ORD-20262936,Centro,Moto,1.9,11,0,0
ORD-20262937,Norte,Moto,4.5,31,0,1
ORD-20262938,Norte,Bici,2.6,28,0,0
ORD-20262939,Sur,Moto,5.3,32,0,0
ORD-20262940,Centro,Moto,2.5,29,1,0
ORD-20262941,Centro,Bici,1.9,19,0,0
ORD-20262942,Norte,Moto,4.7,29,0,0
ORD-20262943,Centro,Bici,2.6,35,1,0
ORD-20262944,Norte,Moto,3.8,31,1,0
ORD-20262945,Norte,Moto,2.8,22,0,0
ORD-20262946,Centro,Bici,3.9,29,0,0
ORD-20262947,Norte,Moto,4.1,35,0,1
ORD-20262948,Norte,Moto,4.9,33,0,1
ORD-20262949,Centro,Moto,3.3,16,0,0
ORD-20262950,Sur,Moto,10.3,64,1,1
ORD-20262951,Sur,Moto,3.1,20,0,0
ORD-20262952,Norte,Moto,5.7,35,0,1
ORD-20262953,Norte,Moto,3.9,21,0,0
ORD-20262954,Centro,Bici,2.1,22,0,0
ORD-20262955,Sur,Moto,3.9,34,1,1
ORD-20262956,Norte,Moto,3.3,19,0,0
ORD-20262957,Norte,Moto,4.9,26,0,0
ORD-20262958,Sur,Moto,2.8,22,0,0
ORD-20262959,Centro,Moto,3.3,16,0,0
ORD-20262960,Sur,Moto,5.1,43,1,1
ORD-20262961,Centro,Bici,2.8,31,0,1
ORD-20262962,Centro,Bici,2.1,21,0,0
ORD-20262963,Centro,Bici,2.2,23,0,0
ORD-20262964,Sur,Moto,5.4,38,0,0
ORD-20262965,Sur,Bici,3.3,28,0,0
ORD-20262966,Norte,Moto,4.5,25,0,0
ORD-20262967,Norte,Moto,3.7,31,1,1
ORD-20262968,Norte,Moto,3.7,28,0,0
ORD-20262969,Sur,Moto,1.8,17,0,1
ORD-20262970,Centro,Bici,3.6,35,1,1
ORD-20262971,Centro,Bici,2.0,24,0,0
ORD-20262972,Centro,Bici,3.4,36,0,1
ORD-20262973,Norte,Moto,6.6,59,1,1
ORD-20262974,Norte,Moto,3.1,22,0,0
ORD-20262975,Centro,Moto,1.6,13,0,0
ORD-20262976,Centro,Bici,4.5,48,0,1
ORD-20262977,Sur,Moto,7.6,48,0,1
ORD-20262978,Centro,Bici,2.5,33,0,1
ORD-20262979,Norte,Moto,5.4,37,0,1
ORD-20262980,Sur,Moto,4.1,26,0,0
ORD-20262981,Centro,Bici,2.8,31,1,1
ORD-20262982,Centro,Bici,1.9,18,0,0
ORD-20262983,Norte,Moto,2.0,12,0,0
ORD-20262984,Sur,Moto,3.0,19,0,0
ORD-20262985,Norte,Moto,5.0,34,0,1
ORD-20262986,Sur,Moto,3.3,21,0,0
ORD-20262987,Centro,Bici,2.4,39,1,0
ORD-20262988,Norte,Moto,3.4,23,0,0
ORD-20262989,Norte,Moto,3.8,23,0,0
ORD-20262990,Sur,Moto,6.3,37,0,1
ORD-20262991,Centro,Bici,2.7,28,0,0
ORD-20262992,Sur,Moto,5.0,31,0,0
ORD-20262993,Norte,Moto,6.3,37,0,0
ORD-20262994,Centro,Bici,2.9,34,1,0
ORD-20262995,Centro,Moto,3.7,22,0,0
ORD-20262996,Sur,Bici,4.3,66,1,1
ORD-20262997,Centro,Moto,2.2,31,1,1
ORD-20262998,Centro,Bici,1.5,21,1,0
ORD-20262999,Centro,Bici,2.2,15,0,0
ORD-20263000,Sur,Bici,6.4,67,1,1
ORD-20263001,Norte,Moto,6.9,45,0,1
ORD-20263002,Norte,Moto,6.4,34,0,1
ORD-20263003,Centro,Moto,1.1,12,0,0
ORD-20263004,Norte,Moto,6.6,48,1,1
ORD-20263005,Norte,Moto,2.2,16,0,1
ORD-20263006,Sur,Moto,6.3,41,0,1
ORD-20263007,Sur,Moto,4.4,25,0,0
ORD-20263008,Centro,Moto,3.1,20,0,0
ORD-20263009,Norte,Moto,3.0,22,0,0
ORD-20263010,Centro,Moto,3.4,32,1,1
ORD-20263011,Norte,Moto,2.8,24,0,0
ORD-20263012,Centro,Bici,2.0,34,1,1
ORD-20263013,Centro,Bici,1.7,20,0,0
ORD-20263014,Centro,Moto,1.1,20,1,0
ORD-20263015,Norte,Moto,5.1,35,0,0
ORD-20263016,Centro,Moto,3.9,23,0,0
ORD-20263017,Norte,Moto,9.0,52,0,1
ORD-20263018,Centro,Bici,2.6,22,0,0
ORD-20263019,Centro,Moto,3.4,25,0,0
ORD-20263020,Norte,Moto,5.3,33,0,1
ORD-20263021,Centro,Bici,2.9,37,0,1
ORD-20263022,Centro,Moto,2.2,22,0,0
ORD-20263023,Norte,Moto,5.3,35,0,0
ORD-20263024,Centro,Bici,2.9,28,0,0
ORD-20263025,Centro,Bici,2.0,18,0,0
ORD-20263026,Centro,Bici,2.4,27,0,0
ORD-20263027,Sur,Moto,4.9,30,0,0
ORD-20263028,Norte,Moto,6.2,50,1,1
ORD-20263029,Norte,Moto,3.4,28,0,0
ORD-20263030,Norte,Moto,4.9,26,0,0
ORD-20263031,Centro,Moto,4.0,22,0,0
ORD-20263032,Centro,Moto,3.4,21,0,0
ORD-20263033,Norte,Bici,7.0,69,0,0
ORD-20263034,Centro,Bici,2.5,27,0,0
ORD-20263035,Centro,Moto,2.8,16,0,0
ORD-20263036,Centro,Moto,3.3,35,1,1
ORD-20263037,Centro,Moto,3.7,19,0,0
ORD-20263038,Sur,Moto,2.1,14,0,0
ORD-20263039,Centro,Moto,1.4,12,0,1
ORD-20263040,Norte,Moto,7.0,46,1,1
ORD-20263041,Centro,Bici,2.3,27,0,0
ORD-20263042,Sur,Moto,4.0,26,0,0
ORD-20263043,Centro,Bici,1.5,22,0,0
ORD-20263044,Centro,Bici,2.1,21,0,0
ORD-20263045,Norte,Moto,2.9,29,1,0
ORD-20263046,Norte,Moto,8.1,54,0,1
ORD-20263047,Centro,Moto,2.5,17,0,0
ORD-20263048,Centro,Moto,2.5,21,0,0
ORD-20263049,Centro,Moto,3.0,22,0,0
ORD-20263050,Centro,Moto,3.3,14,0,0
ORD-20263051,Centro,Moto,3.3,25,0,0
ORD-20263052,Centro,Moto,3.4,25,0,0
ORD-20263053,Centro,Moto,2.0,17,0,0
ORD-20263054,Centro,Moto,2.3,12,0,0
ORD-20263055,Norte,Moto,6.2,32,0,0
ORD-20263056,Sur,Moto,4.2,24,0,0
ORD-20263057,Norte,Moto,5.0,26,0,0
ORD-20263058,Centro,Bici,2.8,35,0,1
ORD-20263059,Centro,Moto,3.1,20,0,0
ORD-20263060,Sur,Moto,2.3,16,0,0
ORD-20263061,Centro,Moto,3.1,33,1,0
ORD-20263062,Centro,Bici,2.3,25,0,0
ORD-20263063,Norte,Moto,6.1,23,1,0
ORD-20263064,Norte,Moto,6.2,42,1,0
ORD-20263065,Norte,Moto,7.4,33,0,0
ORD-20263066,Centro,Moto,3.6,24,0,0
ORD-20263067,Centro,Moto,3.6,22,0,0
ORD-20263068,Sur,Moto,7.2,41,0,1
ORD-20263069,Centro,Bici,2.7,25,1,0
ORD-20263070,Norte,Moto,5.0,29,0,0
ORD-20263071,Norte,Bici,6.3,65,0,1
ORD-20263072,Norte,Moto,6.1,43,0,1
ORD-20263073,Centro,Bici,2.3,37,1,1
ORD-20263074,Centro,Bici,2.8,22,0,0
ORD-20263075,Norte,Moto,4.9,35,0,1
ORD-20263076,Sur,Bici,3.7,38,0,1
ORD-20263077,Sur,Moto,6.9,39,0,0
ORD-20263078,Centro,Bici,2.5,17,0,0
ORD-20263079,Centro,Bici,4.1,43,0,1
ORD-20263080,Sur,Moto,2.6,16,0,0
ORD-20263081,Norte,Bici,4.2,41,0,1
ORD-20263082,Sur,Moto,5.0,30,0,0
ORD-20263083,Centro,Moto,3.4,27,0,0
ORD-20263084,Norte,Bici,5.6,49,0,0
ORD-20263085,Norte,Bici,5.5,49,0,0
ORD-20263086,Norte,Moto,3.3,27,0,1
ORD-20263087,Centro,Moto,1.6,12,0,0
ORD-20263088,Centro,Bici,2.8,31,0,1
ORD-20263089,Norte,Moto,3.0,19,0,0
ORD-20263090,Centro,Moto,2.1,13,0,0
ORD-20263091,Centro,Bici,2.9,28,0,0
ORD-20263092,Sur,Moto,3.5,25,0,0
ORD-20263093,Centro,Moto,3.8,29,0,0
ORD-20263094,Sur,Moto,6.8,48,0,0
ORD-20263095,Centro,Bici,1.2,14,0,0
ORD-20263096,Norte,Moto,3.6,28,1,0
ORD-20263097,Sur,Moto,1.6,12,0,0
ORD-20263098,Centro,Bici,1.9,17,0,0
ORD-20263099,Centro,Moto,3.1,30,1,0
ORD-20263100,Centro,Bici,2.2,21,0,0
ORD-20263101,Centro,Bici,2.9,42,1,1
ORD-20263102,Norte,Bici,2.7,18,0,0
ORD-20263103,Sur,Moto,6.2,32,0,1
ORD-20263104,Centro,Moto,2.1,14,0,0
ORD-20263105,Centro,Bici,2.5,29,0,0
ORD-20263106,Centro,Bici,2.4,20,0,0
ORD-20263107,Norte,Moto,3.1,21,0,0
ORD-20263108,Centro,Bici,1.6,17,0,0
ORD-20263109,Norte,Moto,6.5,55,1,1
ORD-20263110,Norte,Moto,5.6,36,0,0
ORD-20263111,Norte,Bici,6.6,59,0,1
ORD-20263112,Centro,Moto,2.8,17,0,0
ORD-20263113,Norte,Moto,5.2,22,0,0
ORD-20263114,Centro,Bici,1.1,14,0,0
ORD-20263115,Centro,Bici,2.3,25,0,0
ORD-20263116,Sur,Moto,5.0,23,0,1
ORD-20263117,Norte,Moto,7.9,36,0,1
ORD-20263118,Centro,Moto,3.0,31,1,0
ORD-20263119,Centro,Moto,3.7,25,0,0
ORD-20263120,Centro,Moto,3.0,17,0,0
ORD-20263121,Centro,Bici,1.9,18,0,0
ORD-20263122,Centro,Moto,2.6,13,0,0
ORD-20263123,Centro,Bici,2.7,32,0,0
ORD-20263124,Centro,Bici,1.7,15,0,0
ORD-20263125,Norte,Moto,4.4,40,1,1
ORD-20263126,Norte,Moto,4.7,28,0,0
ORD-20263127,Norte,Moto,7.4,50,0,1
ORD-20263128,Centro,Moto,0.8,10,0,0
ORD-20263129,Sur,Moto,6.8,39,0,0
ORD-20263130,Sur,Moto,3.6,17,0,0
ORD-20263131,Sur,Moto,2.9,14,0,0
ORD-20263132,Sur,Moto,6.8,42,0,1
ORD-20263133,Sur,Moto,6.1,26,0,0
ORD-20263134,Norte,Moto,6.9,38,0,1
ORD-20263135,Centro,Moto,3.1,24,0,0
ORD-20263136,Norte,Moto,8.1,51,0,1
ORD-20263137,Norte,Moto,5.8,31,0,0
ORD-20263138,Norte,Moto,4.8,22,0,0
ORD-20263139,Norte,Moto,5.5,35,0,0
ORD-20263140,Centro,Moto,3.5,27,0,0
ORD-20263141,Centro,Bici,1.9,18,0,0
ORD-20263142,Sur,Bici,4.0,33,0,1
ORD-20263143,Norte,Moto,4.5,35,1,0
ORD-20263144,Norte,Moto,1.8,15,0,0
ORD-20263145,Centro,Bici,2.6,42,1,0
ORD-20263146,Centro,Moto,1.0,10,0,0
ORD-20263147,Sur,Moto,5.1,24,0,0
ORD-20263148,Norte,Moto,6.3,49,0,1
ORD-20263149,Norte,Moto,4.3,26,0,0
ORD-20263150,Centro,Moto,3.8,35,1,0
ORD-20263151,Norte,Bici,2.8,25,0,0
ORD-20263152,Centro,Moto,3.5,24,0,0
ORD-20263153,Norte,Moto,6.0,40,0,1
ORD-20263154,Centro,Bici,1.1,14,0,0
ORD-20263155,Centro,Moto,4.7,36,0,1
ORD-20263156,Norte,Moto,4.9,28,0,0
ORD-20263157,Sur,Moto,3.7,23,0,0
ORD-20263158,Centro,Bici,1.4,27,1,0
ORD-20263159,Sur,Bici,4.7,46,0,0
ORD-20263160,Centro,Bici,2.4,25,0,0
ORD-20263161,Centro,Bici,2.6,21,0,0
ORD-20263162,Centro,Bici,2.3,35,1,1
ORD-20263163,Centro,Bici,3.0,27,0,0
ORD-20263164,Norte,Moto,4.4,25,0,0
ORD-20263165,Centro,Bici,1.0,23,1,0
ORD-20263166,Centro,Moto,2.4,15,0,0
ORD-20263167,Sur,Moto,1.4,10,0,0
ORD-20263168,Centro,Bici,2.8,17,0,0
ORD-20263169,Norte,Moto,3.5,41,1,0
ORD-20263170,Centro,Bici,2.6,39,1,1
ORD-20263171,Norte,Moto,7.0,39,0,0
ORD-20263172,Centro,Bici,1.7,17,0,0
ORD-20263173,Centro,Moto,3.3,12,0,0
ORD-20263174,Centro,Bici,2.2,20,0,0
ORD-20263175,Centro,Moto,3.9,38,1,1
ORD-20263176,Centro,Bici,2.2,37,1,1
ORD-20263177,Norte,Moto,3.7,26,0,0
ORD-20263178,Sur,Moto,6.0,36,0,1
ORD-20263179,Sur,Moto,4.3,32,0,1
ORD-20263180,Norte,Moto,3.7,22,0,0
ORD-20263181,Centro,Bici,2.1,25,0,0
ORD-20263182,Centro,Bici,2.5,24,0,0
ORD-20263183,Centro,Bici,3.6,29,0,0
ORD-20263184,Centro,Bici,1.0,11,0,0
ORD-20263185,Norte,Moto,5.0,25,0,0
ORD-20263186,Norte,Moto,5.9,49,1,1
ORD-20263187,Centro,Moto,2.7,25,1,0
ORD-20263188,Centro,Moto,3.5,19,0,0
ORD-20263189,Sur,Moto,4.9,33,0,1
ORD-20263190,Norte,Moto,4.7,30,0,0
ORD-20263191,Centro,Moto,3.0,34,1,1
ORD-20263192,Sur,Moto,5.1,33,0,1
ORD-20263193,Sur,Moto,4.4,24,0,0
ORD-20263194,Centro,Bici,2.9,29,0,0
ORD-20263195,Centro,Bici,2.0,21,0,0
ORD-20263196,Norte,Moto,4.1,22,0,0
ORD-20263197,Sur,Moto,4.2,22,0,0
ORD-20263198,Sur,Moto,7.0,36,0,1
ORD-20263199,Centro,Moto,0.5,23,1,0
ORD-20263200,Centro,Moto,2.8,18,0,0
ORD-20263201,Norte,Moto,5.1,36,0,0
ORD-20263202,Norte,Moto,2.5,16,0,0
ORD-20263203,Centro,Bici,2.7,30,0,0
ORD-20263204,Sur,Moto,5.7,38,0,1
ORD-20263205,Norte,Moto,5.9,39,0,1
ORD-20263206,Sur,Moto,1.0,11,0,0
ORD-20263207,Sur,Moto,7.0,60,1,0
ORD-20263208,Norte,Moto,3.9,26,0,0
ORD-20263209,Centro,Moto,3.0,25,0,0
ORD-20263210,Norte,Moto,6.1,27,0,0
ORD-20263211,Centro,Bici,1.8,20,0,0
ORD-20263212,Norte,Moto,6.0,47,1,1
ORD-20263213,Centro,Moto,2.2,14,0,0
ORD-20263214,Norte,Moto,1.9,16,0,0
ORD-20263215,Centro,Moto,3.4,17,0,0
ORD-20263216,Centro,Bici,1.9,18,0,0
ORD-20263217,Centro,Moto,1.8,10,0,0
ORD-20263218,Centro,Bici,2.2,28,0,0
ORD-20263219,Norte,Moto,5.4,41,1,0
ORD-20263220,Norte,Moto,4.9,39,0,0
ORD-20263221,Norte,Moto,5.8,38,0,1
ORD-20263222,Centro,Bici,1.4,17,0,0
ORD-20263223,Centro,Bici,1.9,28,1,0
ORD-20263224,Centro,Bici,2.4,20,0,0
ORD-20263225,Centro,Moto,4.0,27,0,0
ORD-20263226,Sur,Moto,4.8,29,0,0
ORD-20263227,Centro,Moto,3.4,26,1,0
ORD-20263228,Centro,Bici,2.5,19,0,0
ORD-20263229,Centro,Bici,2.1,19,0,0
ORD-20263230,Centro,Bici,2.3,30,0,0
ORD-20263231,Norte,Moto,4.7,51,1,1
ORD-20263232,Norte,Moto,5.9,36,0,0
ORD-20263233,Centro,Moto,3.6,34,1,0
ORD-20263234,Centro,Bici,2.8,26,0,0
ORD-20263235,Centro,Moto,3.4,19,0,0
ORD-20263236,Centro,Bici,1.7,22,0,0
ORD-20263237,Centro,Bici,2.2,29,0,0
ORD-20263238,Sur,Bici,3.9,31,0,0
ORD-20263239,Norte,Moto,5.5,32,0,1
ORD-20263240,Norte,Bici,4.5,38,0,0
ORD-20263241,Centro,Moto,3.1,19,0,0
ORD-20263242,Centro,Moto,1.8,16,0,0
ORD-20263243,Norte,Moto,5.1,24,0,0
ORD-20263244,Norte,Moto,6.0,48,1,1
ORD-20263245,Norte,Moto,1.9,16,0,0
ORD-20263246,Centro,Moto,4.2,25,0,0
ORD-20263247,Norte,Moto,4.6,32,0,1
ORD-20263248,Centro,Bici,0.9,12,0,1
ORD-20263249,Sur,Moto,5.2,37,0,1
ORD-20263250,Norte,Moto,5.1,31,1,0
ORD-20263251,Norte,Moto,4.9,28,0,0
ORD-20263252,Centro,Moto,3.3,21,0,0
ORD-20263253,Norte,Moto,6.1,21,0,0
ORD-20263254,Centro,Bici,2.7,22,0,0
ORD-20263255,Centro,Moto,2.9,17,0,1
ORD-20263256,Centro,Bici,2.4,28,0,0
ORD-20263257,Norte,Moto,7.7,39,0,0
ORD-20263258,Centro,Bici,1.3,14,0,0
ORD-20263259,Centro,Bici,2.6,29,0,0
ORD-20263260,Sur,Bici,5.1,35,0,1
ORD-20263261,Centro,Moto,3.2,14,0,0
ORD-20263262,Norte,Moto,3.7,22,0,0
ORD-20263263,Centro,Moto,1.1,10,0,0
ORD-20263264,Centro,Bici,2.6,20,0,0
ORD-20263265,Norte,Moto,5.4,35,0,1
ORD-20263266,Centro,Moto,3.7,38,1,0
ORD-20263267,Centro,Bici,1.5,19,0,0
ORD-20263268,Norte,Bici,6.7,68,0,1
ORD-20263269,Norte,Moto,8.6,57,0,0
ORD-20263270,Norte,Moto,4.4,18,0,0
ORD-20263271,Centro,Moto,1.5,13,0,0
ORD-20263272,Centro,Bici,2.2,21,0,0
ORD-20263273,Norte,Moto,5.0,27,0,0
ORD-20263274,Norte,Moto,5.8,37,0,0
ORD-20263275,Sur,Moto,4.1,26,1,0
ORD-20263276,Sur,Moto,7.3,31,0,1
ORD-20263277,Sur,Moto,3.3,24,0,0
ORD-20263278,Centro,Moto,1.1,11,0,0
ORD-20263279,Centro,Moto,3.4,22,0,0
ORD-20263280,Norte,Moto,1.6,11,0,0
ORD-20263281,Centro,Bici,2.3,26,0,0
ORD-20263282,Centro,Moto,5.0,33,0,1
ORD-20263283,Sur,Moto,5.0,41,1,1
ORD-20263284,Sur,Moto,3.3,18,0,0
ORD-20263285,Centro,Moto,2.5,26,1,0
ORD-20263286,Centro,Bici,2.5,28,0,0
ORD-20263287,Centro,Bici,2.6,31,0,0
ORD-20263288,Sur,Moto,6.0,33,0,0
ORD-20263289,Sur,Moto,3.4,21,0,0
ORD-20263290,Centro,Moto,3.9,24,0,0
ORD-20263291,Centro,Bici,2.7,28,0,0
ORD-20263292,Sur,Moto,6.1,32,0,1
ORD-20263293,Centro,Bici,2.0,12,0,0
ORD-20263294,Norte,Moto,6.9,47,0,0
ORD-20263295,Sur,Moto,4.6,36,0,1
ORD-20263296,Centro,Bici,2.7,24,0,0
ORD-20263297,Norte,Moto,3.6,19,0,0
ORD-20263298,Centro,Bici,1.7,18,0,0
ORD-20263299,Centro,Moto,3.1,20,0,0
ORD-20263300,Sur,Moto,4.3,30,0,0
ORD-20263301,Centro,Bici,1.8,20,0,0
ORD-20263302,Sur,Moto,4.0,22,0,0
ORD-20263303,Norte,Moto,6.0,28,0,0
ORD-20263304,Centro,Bici,2.0,24,0,0
ORD-20263305,Centro,Bici,2.4,26,0,0
ORD-20263306,Centro,Bici,2.5,29,0,0
ORD-20263307,Centro,Bici,1.0,11,0,0
ORD-20263308,Centro,Bici,1.3,20,0,0
ORD-20263309,Centro,Moto,2.8,14,0,0
ORD-20263310,Centro,Moto,1.9,16,0,0
ORD-20263311,Norte,Moto,6.6,34,1,1
ORD-20263312,Norte,Moto,6.5,33,0,1
ORD-20263313,Norte,Moto,6.1,44,0,1
ORD-20263314,Centro,Moto,4.0,28,0,0
ORD-20263315,Centro,Bici,2.4,22,0,0
ORD-20263316,Norte,Moto,6.0,32,0,1
ORD-20263317,Centro,Bici,2.0,21,0,0
ORD-20263318,Centro,Moto,4.5,30,0,0
ORD-20263319,Sur,Moto,8.0,53,0,1
ORD-20263320,Norte,Moto,5.0,37,1,0
ORD-20263321,Norte,Moto,5.6,25,0,0
ORD-20263322,Centro,Moto,3.6,24,0,0
ORD-20263323,Norte,Moto,4.8,27,0,0
ORD-20263324,Norte,Moto,4.0,28,1,0
ORD-20263325,Norte,Moto,6.3,38,0,0
ORD-20263326,Norte,Moto,5.1,30,0,0
ORD-20263327,Sur,Moto,5.3,33,0,1
ORD-20263328,Norte,Moto,3.7,20,0,0
ORD-20263329,Centro,Bici,1.1,15,0,0
ORD-20263330,Norte,Moto,5.4,26,0,0
ORD-20263331,Norte,Moto,6.4,32,0,0
ORD-20263332,Norte,Moto,4.7,27,0,0
ORD-20263333,Centro,Moto,3.6,29,0,0
ORD-20263334,Centro,Moto,1.9,16,0,0
ORD-20263335,Sur,Moto,3.4,26,0,0
ORD-20263336,Norte,Moto,4.9,48,1,1
ORD-20263337,Sur,Moto,4.9,61,1,0
ORD-20263338,Norte,Moto,6.2,36,0,1
ORD-20263339,Norte,Moto,3.8,41,1,0
ORD-20263340,Norte,Moto,7.1,47,0,1
ORD-20263341,Sur,Moto,8.0,52,0,1
ORD-20263342,Norte,Moto,4.9,37,0,1
ORD-20263343,Norte,Moto,6.9,37,0,1
ORD-20263344,Centro,Bici,1.7,17,0,0
ORD-20263345,Centro,Moto,3.4,23,0,0
ORD-20263346,Norte,Moto,6.6,37,0,1
ORD-20263347,Centro,Moto,3.2,22,0,0
ORD-20263348,Centro,Bici,2.5,43,1,0
ORD-20263349,Centro,Bici,0.5,18,1,0
ORD-20263350,Centro,Moto,2.0,14,0,0
ORD-20263351,Centro,Bici,2.0,22,0,0
ORD-20263352,Centro,Moto,1.7,13,0,0
ORD-20263353,Sur,Moto,5.2,22,0,0
ORD-20263354,Norte,Bici,4.4,37,0,0
ORD-20263355,Centro,Bici,1.8,21,0,0
ORD-20263356,Centro,Moto,1.7,16,0,0
ORD-20263357,Norte,Moto,3.9,20,0,0
ORD-20263358,Centro,Moto,3.4,26,1,0
ORD-20263359,Sur,Moto,4.0,25,0,0
ORD-20263360,Norte,Bici,4.2,27,0,0
ORD-20263361,Norte,Moto,4.3,25,0,0
ORD-20263362,Centro,Bici,2.8,28,1,0
ORD-20263363,Norte,Moto,5.7,40,0,1
ORD-20263364,Centro,Bici,0.5,10,0,0
ORD-20263365,Sur,Moto,6.5,47,0,1
ORD-20263366,Norte,Moto,7.2,48,0,1
ORD-20263367,Centro,Moto,1.7,12,0,0
ORD-20263368,Centro,Bici,1.7,16,0,0
ORD-20263369,Centro,Moto,2.1,15,0,0
ORD-20263370,Norte,Moto,3.9,24,0,0
ORD-20263371,Centro,Moto,2.7,19,0,0
ORD-20263372,Norte,Moto,2.1,14,0,0
ORD-20263373,Centro,Bici,1.6,20,0,0
ORD-20263374,Norte,Moto,7.3,43,0,0
ORD-20263375,Sur,Moto,3.6,22,0,0
ORD-20263376,Norte,Moto,6.9,35,0,1
ORD-20263377,Norte,Moto,5.5,32,0,1
ORD-20263378,Centro,Bici,1.1,12,0,0
ORD-20263379,Centro,Moto,3.0,20,0,0
ORD-20263380,Norte,Bici,4.8,44,0,1
ORD-20263381,Centro,Bici,2.1,23,0,0
ORD-20263382,Centro,Bici,2.7,34,0,1
ORD-20263383,Centro,Moto,2.9,29,1,0
ORD-20263384,Centro,Moto,3.1,24,0,1
ORD-20263385,Centro,Moto,3.4,23,0,0
ORD-20263386,Sur,Moto,5.6,32,0,0
ORD-20263387,Centro,Bici,1.4,16,0,0
ORD-20263388,Norte,Bici,4.3,39,0,1
ORD-20263389,Centro,Moto,4.9,31,0,1
ORD-20263390,Norte,Bici,6.1,46,0,0
ORD-20263391,Centro,Moto,4.4,21,0,0
ORD-20263392,Sur,Moto,7.1,44,0,1
ORD-20263393,Sur,Moto,5.4,36,0,0
ORD-20263394,Centro,Bici,2.7,30,0,1
ORD-20263395,Sur,Moto,4.9,30,0,0
ORD-20263396,Sur,Moto,2.4,19,0,0
ORD-20263397,Sur,Moto,5.0,44,1,1
ORD-20263398,Sur,Moto,6.8,44,0,1
ORD-20263399,Centro,Bici,2.0,18,0,0
ORD-20263400,Norte,Bici,5.6,42,0,1
ORD-20263401,Centro,Moto,3.2,20,0,0
ORD-20263402,Centro,Bici,1.8,19,0,0
ORD-20263403,Sur,Moto,4.3,26,0,0
ORD-20263404,Centro,Moto,1.7,10,0,0
ORD-20263405,Norte,Moto,3.8,30,0,0
ORD-20263406,Sur,Moto,3.1,20,0,0
ORD-20263407,Sur,Moto,3.6,24,0,0
ORD-20263408,Sur,Moto,7.1,48,0,1
ORD-20263409,Centro,Moto,1.8,10,0,0
ORD-20263410,Centro,Bici,2.6,24,0,0
ORD-20263411,Centro,Bici,2.1,21,0,0
ORD-20263412,Centro,Moto,3.4,21,0,0
ORD-20263413,Centro,Moto,3.5,22,0,0
ORD-20263414,Centro,Bici,3.2,37,0,0
ORD-20263415,Norte,Bici,5.5,54,0,0
ORD-20263416,Norte,Moto,4.7,33,0,1
ORD-20263417,Centro,Moto,1.5,13,0,0
ORD-20263418,Norte,Moto,7.9,35,0,1
ORD-20263419,Centro,Moto,1.9,10,0,0
ORD-20263420,Centro,Moto,3.0,15,0,0
ORD-20263421,Norte,Moto,6.6,40,0,1
ORD-20263422,Norte,Moto,4.2,26,0,0
ORD-20263423,Norte,Moto,6.6,46,1,0
ORD-20263424,Centro,Moto,3.1,19,0,0
ORD-20263425,Sur,Moto,7.6,69,1,0
ORD-20263426,Norte,Moto,4.3,23,0,0
ORD-20263427,Norte,Moto,3.1,35,1,1
ORD-20263428,Norte,Moto,4.2,26,0,0
ORD-20263429,Sur,Moto,5.3,41,1,1
ORD-20263430,Norte,Moto,5.1,36,0,0
ORD-20263431,Norte,Moto,4.4,33,0,1
ORD-20263432,Sur,Moto,2.1,15,0,0
ORD-20263433,Norte,Moto,5.7,49,1,1
ORD-20263434,Centro,Moto,4.1,27,0,0
ORD-20263435,Norte,Moto,5.7,34,0,0
ORD-20263436,Centro,Moto,3.0,21,0,0
ORD-20263437,Centro,Moto,3.0,18,0,0
ORD-20263438,Norte,Bici,5.6,48,0,0
ORD-20263439,Sur,Moto,6.4,34,0,1
ORD-20263440,Sur,Moto,5.6,49,1,0
ORD-20263441,Centro,Bici,2.2,32,1,1
ORD-20263442,Norte,Moto,3.8,19,0,0
ORD-20263443,Centro,Moto,2.3,15,0,0
ORD-20263444,Sur,Moto,5.5,17,0,0
ORD-20263445,Sur,Moto,4.5,25,0,0
ORD-20263446,Norte,Moto,5.5,33,0,0
ORD-20263447,Sur,Moto,5.7,33,0,1
ORD-20263448,Norte,Bici,6.2,71,0,1
ORD-20263449,Norte,Moto,6.9,54,1,0
ORD-20263450,Centro,Moto,2.6,30,1,0
ORD-20263451,Centro,Bici,1.5,13,0,1
ORD-20263452,Norte,Moto,4.5,35,1,1
ORD-20263453,Norte,Moto,5.1,28,0,0
ORD-20263454,Centro,Bici,1.0,11,0,0
ORD-20263455,Sur,Moto,7.1,36,0,0
ORD-20263456,Centro,Bici,2.6,19,0,0
ORD-20263457,Norte,Moto,5.6,27,0,0
ORD-20263458,Norte,Moto,7.0,45,0,0
ORD-20263459,Norte,Moto,4.1,25,0,0
ORD-20263460,Norte,Moto,5.9,32,0,0
ORD-20263461,Centro,Moto,2.4,17,0,0
ORD-20263462,Centro,Bici,2.4,28,0,1
ORD-20263463,Norte,Moto,3.8,24,0,0
ORD-20263464,Norte,Moto,7.5,46,0,0
ORD-20263465,Centro,Bici,2.2,20,0,0
ORD-20263466,Norte,Moto,6.0,32,0,0
ORD-20263467,Centro,Bici,1.0,24,1,0
ORD-20263468,Norte,Moto,6.8,50,0,0
ORD-20263469,Sur,Moto,6.6,46,0,1
ORD-20263470,Centro,Bici,2.6,28,0,0
ORD-20263471,Centro,Bici,2.3,24,0,0
ORD-20263472,Norte,Moto,5.6,40,0,1
ORD-20263473,Norte,Moto,8.4,53,0,0
ORD-20263474,Norte,Moto,2.4,11,0,0
ORD-20263475,Sur,Moto,6.2,30,0,0
ORD-20263476,Sur,Moto,3.6,24,0,1
ORD-20263477,Sur,Moto,5.0,29,1,0
ORD-20263478,Norte,Moto,4.6,24,0,0
ORD-20263479,Centro,Moto,2.2,23,1,0
ORD-20263480,Centro,Moto,2.5,17,0,0
ORD-20263481,Centro,Moto,1.6,12,0,0
ORD-20263482,Norte,Moto,6.5,36,0,1
ORD-20263483,Centro,Bici,1.1,16,0,0
ORD-20263484,Sur,Moto,5.8,33,0,1
ORD-20263485,Norte,Moto,4.5,26,0,0
ORD-20263486,Norte,Moto,3.2,17,0,0
ORD-20263487,Centro,Bici,2.7,31,0,1
ORD-20263488,Centro,Moto,1.3,10,0,0
ORD-20263489,Centro,Bici,2.5,21,0,0
ORD-20263490,Centro,Bici,1.4,27,1,0
ORD-20263491,Centro,Bici,2.9,34,1,0
ORD-20263492,Norte,Moto,3.6,21,0,0
ORD-20263493,Sur,Moto,4.3,28,0,0
ORD-20263494,Sur,Moto,5.4,30,0,0
ORD-20263495,Norte,Moto,3.8,32,0,1
ORD-20263496,Centro,Bici,2.5,35,1,1
ORD-20263497,Sur,Bici,2.7,29,0,0
ORD-20263498,Sur,Moto,5.9,24,0,0
ORD-20263499,Centro,Moto,3.9,21,0,0
ORD-20263500,Norte,Bici,9.2,66,0,0
ORD-20263501,Centro,Bici,2.6,31,1,0
ORD-20263502,Sur,Moto,6.2,38,0,1
ORD-20263503,Sur,Moto,2.3,19,0,0
ORD-20263504,Centro,Moto,3.7,25,0,0
ORD-20263505,Sur,Moto,6.2,35,0,1
ORD-20263506,Norte,Moto,4.3,24,0,0
ORD-20263507,Sur,Moto,6.9,58,1,0
ORD-20263508,Centro,Moto,2.3,22,0,0
ORD-20263509,Sur,Moto,4.3,27,0,0
ORD-20263510,Centro,Bici,2.9,32,0,1
ORD-20263511,Centro,Moto,1.6,14,0,0
ORD-20263512,Centro,Moto,3.3,35,1,1
ORD-20263513,Sur,Moto,3.4,18,0,0
ORD-20263514,Sur,Moto,3.4,20,0,0
ORD-20263515,Sur,Moto,3.6,24,0,0
ORD-20263516,Sur,Moto,6.1,42,0,0
ORD-20263517,Centro,Bici,2.0,18,0,0
ORD-20263518,Centro,Bici,1.4,18,1,0
ORD-20263519,Centro,Bici,2.0,29,1,0
ORD-20263520,Centro,Bici,2.5,29,0,0
ORD-20263521,Centro,Bici,1.6,14,0,0
ORD-20263522,Centro,Bici,1.6,23,1,0
ORD-20263523,Centro,Moto,4.2,27,0,0
ORD-20263524,Centro,Moto,1.8,14,0,0
ORD-20263525,Centro,Bici,2.2,25,0,0
ORD-20263526,Centro,Moto,2.2,13,0,0
ORD-20263527,Sur,Moto,4.4,26,0,0
ORD-20263528,Norte,Moto,5.9,41,0,0
ORD-20263529,Sur,Moto,6.4,30,0,0
ORD-20263530,Centro,Bici,2.3,29,0,0
ORD-20263531,Centro,Bici,1.5,14,0,1
ORD-20263532,Norte,Moto,6.9,45,0,0
ORD-20263533,Centro,Bici,2.4,23,0,0
ORD-20263534,Centro,Moto,3.9,20,0,0
ORD-20263535,Centro,Bici,0.7,10,0,0
ORD-20263536,Centro,Bici,2.7,29,0,0
ORD-20263537,Centro,Moto,4.0,35,1,1
ORD-20263538,Centro,Moto,2.2,19,0,0
ORD-20263539,Norte,Moto,4.7,35,0,1
ORD-20263540,Centro,Bici,2.7,30,1,0
ORD-20263541,Centro,Bici,2.1,18,0,0
ORD-20263542,Sur,Moto,4.5,30,1,0
ORD-20263543,Centro,Bici,2.2,20,0,0
ORD-20263544,Centro,Bici,2.0,24,0,0
ORD-20263545,Sur,Moto,6.8,42,0,1
ORD-20263546,Centro,Bici,2.9,26,0,0
ORD-20263547,Centro,Bici,2.7,27,0,0
ORD-20263548,Centro,Moto,3.1,25,0,0
ORD-20263549,Centro,Bici,2.3,30,0,0
ORD-20263550,Norte,Moto,3.8,25,0,0
ORD-20263551,Sur,Moto,4.1,15,0,0
ORD-20263552,Centro,Bici,2.5,26,0,0
ORD-20263553,Norte,Moto,3.4,25,0,0
ORD-20263554,Norte,Moto,4.2,27,0,0
ORD-20263555,Centro,Bici,2.1,24,0,0
ORD-20263556,Norte,Moto,8.2,48,0,1
ORD-20263557,Centro,Bici,0.5,10,0,0
ORD-20263558,Centro,Bici,2.4,21,0,0
ORD-20263559,Centro,Moto,3.9,33,1,0
ORD-20263560,Centro,Bici,2.6,30,0,0
ORD-20263561,Centro,Moto,3.1,18,0,0
ORD-20263562,Sur,Moto,5.1,33,0,0
ORD-20263563,Centro,Bici,2.0,22,0,0
ORD-20263564,Centro,Moto,0.7,11,0,0
ORD-20263565,Centro,Bici,2.7,36,1,1
ORD-20263566,Norte,Bici,3.8,26,0,0
ORD-20263567,Norte,Moto,3.8,26,0,0
ORD-20263568,Norte,Moto,4.3,48,1,1
ORD-20263569,Norte,Moto,7.6,48,0,1
ORD-20263570,Sur,Moto,8.6,42,0,1
ORD-20263571,Centro,Bici,2.7,22,0,0
ORD-20263572,Norte,Moto,4.3,23,0,1
ORD-20263573,Sur,Bici,3.2,40,0,1
ORD-20263574,Sur,Bici,5.7,48,0,0
ORD-20263575,Sur,Moto,7.7,39,0,0
ORD-20263576,Centro,Bici,2.3,23,0,0
ORD-20263577,Centro,Bici,0.6,19,1,0
ORD-20263578,Centro,Moto,3.0,25,0,0
ORD-20263579,Norte,Moto,6.5,32,0,1
ORD-20263580,Centro,Bici,1.2,17,0,0
ORD-20263581,Centro,Bici,2.6,26,0,0
ORD-20263582,Sur,Moto,5.7,40,0,1
ORD-20263583,Centro,Bici,2.4,30,0,0
ORD-20263584,Sur,Moto,3.8,24,0,0
ORD-20263585,Centro,Moto,3.3,20,0,0
ORD-20263586,Centro,Bici,2.2,23,0,0
ORD-20263587,Centro,Bici,1.3,25,1,0
ORD-20263588,Norte,Bici,1.9,15,0,0
ORD-20263589,Centro,Moto,3.5,28,0,0
ORD-20263590,Centro,Moto,3.0,21,0,0
ORD-20263591,Sur,Moto,5.1,25,0,0
ORD-20263592,Centro,Bici,2.1,15,0,0
ORD-20263593,Norte,Moto,4.2,17,0,0
ORD-20263594,Norte,Moto,3.4,25,0,0
ORD-20263595,Centro,Moto,2.2,15,0,0
ORD-20263596,Norte,Moto,1.8,13,0,0
ORD-20263597,Centro,Bici,1.9,32,1,1
ORD-20263598,Norte,Moto,4.5,35,1,1
ORD-20263599,Centro,Moto,3.0,22,0,0
ORD-20263600,Norte,Moto,4.9,30,0,0
ORD-20263601,Centro,Moto,3.1,20,0,0
ORD-20263602,Norte,Moto,7.0,31,0,1
ORD-20263603,Centro,Moto,3.3,19,0,0
ORD-20263604,Centro,Bici,2.9,31,0,0
ORD-20263605,Centro,Moto,2.5,25,1,0
ORD-20263606,Centro,Bici,1.7,22,0,0
ORD-20263607,Sur,Moto,6.1,62,1,0
ORD-20263608,Centro,Moto,3.8,37,1,0
ORD-20263609,Sur,Moto,5.5,40,0,1
ORD-20263610,Sur,Moto,7.9,49,0,0
ORD-20263611,Norte,Moto,2.7,17,0,0
ORD-20263612,Centro,Bici,1.6,18,0,0
ORD-20263613,Centro,Bici,3.2,40,0,0
ORD-20263614,Norte,Moto,5.4,29,0,0
ORD-20263615,Centro,Moto,3.6,19,0,0
ORD-20263616,Centro,Moto,2.5,15,0,0
ORD-20263617,Norte,Moto,3.7,23,0,0
ORD-20263618,Sur,Moto,4.7,24,0,0
ORD-20263619,Norte,Moto,2.7,23,0,0
ORD-20263620,Centro,Bici,1.6,18,0,0
ORD-20263621,Norte,Moto,6.5,54,1,0
ORD-20263622,Centro,Moto,3.2,20,0,0
ORD-20263623,Centro,Bici,2.8,23,0,0
ORD-20263624,Sur,Moto,2.4,14,0,0
ORD-20263625,Centro,Bici,2.2,20,0,0
ORD-20263626,Centro,Bici,1.5,18,0,0
ORD-20263627,Centro,Moto,3.4,24,0,0
ORD-20263628,Sur,Moto,4.1,28,0,0
ORD-20263629,Norte,Moto,3.4,17,0,0
ORD-20263630,Norte,Moto,5.0,40,1,0
ORD-20263631,Norte,Moto,4.0,21,0,0
ORD-20263632,Centro,Moto,3.7,25,0,0
ORD-20263633,Centro,Bici,1.9,22,0,0
ORD-20263634,Centro,Bici,1.4,22,1,0
ORD-20263635,Centro,Moto,0.8,10,0,0
ORD-20263636,Centro,Moto,2.5,37,1,1
ORD-20263637,Sur,Moto,4.2,29,0,0
ORD-20263638,Centro,Bici,1.4,16,0,0
ORD-20263639,Centro,Moto,3.5,21,0,0
ORD-20263640,Centro,Moto,3.0,19,0,0
ORD-20263641,Centro,Moto,2.5,16,0,0
ORD-20263642,Sur,Moto,7.0,52,1,1
ORD-20263643,Centro,Moto,3.0,17,0,0
ORD-20263644,Centro,Moto,1.8,10,0,0
ORD-20263645,Norte,Moto,3.4,23,0,0
ORD-20263646,Centro,Moto,3.2,21,0,0
ORD-20263647,Centro,Bici,2.8,25,0,0
ORD-20263648,Centro,Bici,2.6,21,0,0
ORD-20263649,Norte,Moto,3.7,25,0,0
ORD-20263650,Sur,Moto,5.9,29,0,0
ORD-20263651,Norte,Moto,3.9,24,0,0
ORD-20263652,Centro,Bici,2.4,43,1,1
ORD-20263653,Sur,Bici,7.2,69,0,0
ORD-20263654,Centro,Bici,2.0,25,1,0
ORD-20263655,Centro,Bici,1.2,12,0,0
ORD-20263656,Centro,Bici,1.7,19,0,0
ORD-20263657,Centro,Moto,3.3,17,0,0
ORD-20263658,Norte,Moto,5.4,22,0,0
ORD-20263659,Norte,Moto,4.8,42,1,0
ORD-20263660,Sur,Moto,4.2,27,0,0
ORD-20263661,Norte,Moto,5.7,36,0,1
ORD-20263662,Norte,Moto,3.7,24,0,0
ORD-20263663,Centro,Moto,2.7,18,0,0
ORD-20263664,Centro,Bici,1.9,27,1,0
ORD-20263665,Norte,Moto,3.7,25,0,0
ORD-20263666,Centro,Moto,2.0,18,0,0
ORD-20263667,Sur,Moto,4.4,25,0,0
ORD-20263668,Centro,Moto,2.5,23,1,0
ORD-20263669,Centro,Moto,2.7,15,0,0
ORD-20263670,Centro,Bici,0.5,10,0,0
ORD-20263671,Centro,Bici,1.9,21,0,0
ORD-20263672,Centro,Bici,2.2,15,0,0
ORD-20263673,Norte,Moto,7.3,55,1,1
ORD-20263674,Centro,Bici,1.6,30,1,0
ORD-20263675,Norte,Moto,5.2,23,0,0
ORD-20263676,Centro,Bici,3.7,30,0,0
ORD-20263677,Centro,Bici,1.4,16,0,0
ORD-20263678,Centro,Bici,2.8,27,0,0
ORD-20263679,Sur,Moto,3.8,26,0,0
ORD-20263680,Centro,Bici,2.1,21,0,0
ORD-20263681,Norte,Moto,3.8,29,0,0
ORD-20263682,Centro,Bici,1.9,19,0,0
ORD-20263683,Norte,Moto,9.1,43,0,0
ORD-20263684,Centro,Moto,3.2,18,0,0
ORD-20263685,Norte,Moto,6.7,54,1,1
ORD-20263686,Norte,Moto,5.7,34,0,1
ORD-20263687,Sur,Moto,2.6,20,0,0
ORD-20263688,Centro,Bici,2.8,30,0,0
ORD-20263689,Centro,Bici,3.4,22,0,0
ORD-20263690,Centro,Bici,1.8,16,0,0
ORD-20263691,Sur,Moto,6.4,31,0,1
ORD-20263692,Norte,Moto,6.1,31,0,0
ORD-20263693,Norte,Moto,7.8,41,0,1
ORD-20263694,Centro,Moto,2.2,30,1,0
ORD-20263695,Centro,Bici,1.6,21,0,1
ORD-20263696,Centro,Bici,2.2,31,1,0
ORD-20263697,Sur,Moto,7.2,39,0,1
ORD-20263698,Norte,Moto,2.3,15,0,0
ORD-20263699,Sur,Moto,1.9,15,0,0
ORD-20263700,Centro,Moto,2.6,19,0,0
ORD-20263701,Norte,Bici,4.3,44,0,1
ORD-20263702,Norte,Moto,5.0,34,0,1
ORD-20263703,Centro,Bici,3.3,21,0,0
ORD-20263704,Sur,Moto,4.2,25,0,0
ORD-20263705,Sur,Moto,2.2,19,0,0
ORD-20263706,Sur,Moto,8.1,43,0,1
ORD-20263707,Norte,Moto,3.5,26,0,0
ORD-20263708,Centro,Bici,1.7,18,0,0
ORD-20263709,Centro,Moto,3.4,23,0,0
ORD-20263710,Sur,Moto,4.4,22,0,0
ORD-20263711,Centro,Bici,2.4,20,0,0
ORD-20263712,Norte,Moto,5.7,37,0,1
ORD-20263713,Norte,Moto,6.6,43,0,1
ORD-20263714,Norte,Moto,4.5,28,0,1
ORD-20263715,Sur,Moto,7.3,34,0,0
ORD-20263716,Centro,Bici,0.8,11,0,0
ORD-20263717,Centro,Moto,3.1,36,1,0
ORD-20263718,Centro,Bici,1.8,24,0,0
ORD-20263719,Centro,Moto,3.6,22,0,0
ORD-20263720,Centro,Bici,2.6,19,0,0
ORD-20263721,Centro,Bici,2.0,24,0,0
ORD-20263722,Sur,Moto,6.0,34,0,0
ORD-20263723,Sur,Moto,6.3,42,0,0
ORD-20263724,Centro,Moto,3.0,31,1,0
ORD-20263725,Centro,Bici,1.7,16,0,0
ORD-20263726,Sur,Moto,4.3,27,0,0
ORD-20263727,Centro,Bici,2.5,30,0,0
ORD-20263728,Centro,Bici,2.5,34,1,0
ORD-20263729,Centro,Moto,3.1,17,0,0
ORD-20263730,Norte,Moto,2.0,11,0,0
ORD-20263731,Centro,Bici,2.8,24,0,0
ORD-20263732,Sur,Moto,4.6,26,0,0
ORD-20263733,Centro,Bici,1.8,22,0,0
ORD-20263734,Norte,Moto,3.9,29,1,0
ORD-20263735,Centro,Bici,2.3,29,0,0
ORD-20263736,Centro,Bici,0.5,10,0,0
ORD-20263737,Norte,Moto,3.9,47,1,0
ORD-20263738,Norte,Moto,3.7,30,0,0
ORD-20263739,Norte,Bici,5.8,52,0,0
ORD-20263740,Norte,Moto,3.8,18,0,0
ORD-20263741,Sur,Bici,4.7,42,0,1
ORD-20263742,Sur,Moto,7.3,39,0,1
ORD-20263743,Norte,Moto,6.5,38,1,0
ORD-20263744,Centro,Moto,3.2,22,0,0
ORD-20263745,Centro,Bici,2.1,19,0,0
ORD-20263746,Centro,Bici,2.9,25,0,0
ORD-20263747,Norte,Moto,4.6,27,0,0
ORD-20263748,Centro,Moto,2.3,15,0,0
ORD-20263749,Centro,Moto,2.8,25,0,0
ORD-20263750,Sur,Moto,4.1,23,0,0
ORD-20263751,Sur,Moto,7.2,44,0,1
ORD-20263752,Sur,Bici,4.8,44,0,0
ORD-20263753,Centro,Moto,3.0,21,0,0
ORD-20263754,Norte,Moto,7.2,44,0,1
ORD-20263755,Centro,Bici,3.3,36,0,0
ORD-20263756,Centro,Bici,1.4,17,0,0
ORD-20263757,Centro,Bici,2.9,29,0,0
ORD-20263758,Centro,Moto,3.2,21,0,0
ORD-20263759,Centro,Moto,3.2,21,0,0
ORD-20263760,Sur,Moto,3.3,19,0,0
ORD-20263761,Centro,Bici,2.0,21,0,0
ORD-20263762,Norte,Moto,6.5,39,0,1
ORD-20263763,Norte,Moto,3.9,26,0,0
ORD-20263764,Centro,Bici,2.3,24,0,0
ORD-20263765,Centro,Moto,3.8,23,0,0
ORD-20263766,Centro,Bici,2.5,25,0,0
ORD-20263767,Norte,Moto,3.9,22,0,0
ORD-20263768,Centro,Bici,1.8,20,0,0
ORD-20263769,Centro,Bici,2.8,26,0,0
ORD-20263770,Centro,Bici,1.4,17,0,0
ORD-20263771,Norte,Moto,4.6,32,0,0
ORD-20263772,Sur,Moto,5.5,29,0,0
ORD-20263773,Centro,Moto,3.5,25,0,0
ORD-20263774,Norte,Moto,6.0,35,0,1
ORD-20263775,Norte,Moto,3.9,32,0,1
ORD-20263776,Sur,Moto,6.8,38,0,0
ORD-20263777,Sur,Moto,4.6,42,1,1
ORD-20263778,Norte,Bici,3.1,30,0,0
ORD-20263779,Norte,Moto,4.7,30,1,0
ORD-20263780,Sur,Bici,7.2,58,0,0
ORD-20263781,Centro,Bici,2.6,29,0,0
ORD-20263782,Centro,Bici,2.5,23,0,0
ORD-20263783,Centro,Moto,3.8,16,0,0
ORD-20263784,Sur,Moto,2.9,19,0,0
ORD-20263785,Sur,Bici,3.1,33,1,1
ORD-20263786,Centro,Bici,1.2,15,0,0
ORD-20263787,Norte,Moto,5.6,41,0,0
ORD-20263788,Centro,Bici,2.6,29,0,0
ORD-20263789,Centro,Moto,3.7,41,1,1
ORD-20263790,Sur,Moto,5.4,29,0,0
ORD-20263791,Centro,Moto,2.2,16,0,0
ORD-20263792,Centro,Bici,2.5,21,0,0
ORD-20263793,Norte,Moto,5.2,28,0,0
ORD-20263794,Norte,Moto,2.5,15,0,0
ORD-20263795,Centro,Moto,4.7,23,0,0
ORD-20263796,Norte,Moto,5.8,41,0,0
ORD-20263797,Norte,Bici,5.3,33,0,1
ORD-20263798,Centro,Moto,3.0,24,0,0
ORD-20263799,Centro,Moto,3.1,24,0,0
ORD-20263800,Norte,Bici,4.8,57,1,0
ORD-20263801,Centro,Bici,2.0,26,1,0
ORD-20263802,Sur,Moto,5.9,26,0,0
ORD-20263803,Sur,Moto,5.6,30,0,0
ORD-20263804,Sur,Moto,3.8,26,0,0
ORD-20263805,Centro,Moto,3.6,23,0,0
ORD-20263806,Sur,Moto,5.4,27,0,0
ORD-20263807,Centro,Moto,3.1,24,0,0
ORD-20263808,Centro,Moto,3.6,29,0,0
ORD-20263809,Centro,Bici,2.5,24,0,0
ORD-20263810,Centro,Moto,2.8,19,0,0
ORD-20263811,Norte,Moto,6.2,28,0,0
ORD-20263812,Centro,Bici,1.9,19,0,0
ORD-20263813,Centro,Moto,2.5,19,0,0
ORD-20263814,Norte,Moto,5.2,33,0,1
ORD-20263815,Centro,Bici,1.7,17,0,0
ORD-20263816,Norte,Moto,8.5,46,0,1
ORD-20263817,Centro,Bici,1.4,15,0,1
ORD-20263818,Sur,Moto,3.1,20,0,0
ORD-20263819,Sur,Moto,7.0,43,0,1
ORD-20263820,Centro,Moto,3.1,14,0,0
ORD-20263821,Centro,Bici,1.7,18,0,0
ORD-20263822,Centro,Moto,3.0,21,0,0
ORD-20263823,Sur,Moto,7.2,37,0,1
ORD-20263824,Centro,Moto,2.5,16,0,0
ORD-20263825,Centro,Moto,4.6,35,1,1
ORD-20263826,Centro,Moto,1.1,10,0,0
ORD-20263827,Centro,Moto,3.1,21,0,0
ORD-20263828,Centro,Moto,3.4,33,1,1
ORD-20263829,Sur,Moto,6.3,25,0,0
ORD-20263830,Centro,Moto,2.3,18,0,0
ORD-20263831,Centro,Moto,2.3,16,0,0
ORD-20263832,Sur,Moto,5.7,43,0,1
ORD-20263833,Sur,Moto,6.2,30,0,0
ORD-20263834,Centro,Moto,3.0,17,0,0
ORD-20263835,Centro,Moto,3.3,21,0,0
ORD-20263836,Centro,Bici,1.7,20,0,0
ORD-20263837,Sur,Moto,4.7,20,0,0
ORD-20263838,Centro,Bici,1.7,16,0,0
ORD-20263839,Sur,Moto,4.4,29,0,0
ORD-20263840,Norte,Moto,6.5,41,1,1
ORD-20263841,Norte,Moto,5.2,37,0,1
ORD-20263842,Centro,Moto,4.6,26,0,0
ORD-20263843,Centro,Bici,2.7,23,0,0
ORD-20263844,Centro,Bici,2.5,27,0,0
ORD-20263845,Centro,Bici,2.6,32,0,0
ORD-20263846,Norte,Moto,4.0,27,0,0
ORD-20263847,Sur,Moto,4.9,35,0,1
ORD-20263848,Norte,Moto,6.7,48,0,1
ORD-20263849,Norte,Moto,5.2,35,1,0
ORD-20263850,Centro,Bici,1.9,23,0,0
ORD-20263851,Centro,Bici,1.8,15,0,0
ORD-20263852,Centro,Bici,2.1,23,0,0
ORD-20263853,Norte,Moto,5.1,30,0,0
ORD-20263854,Sur,Moto,6.8,46,0,0
ORD-20263855,Norte,Moto,3.0,35,1,0
ORD-20263856,Centro,Bici,2.2,25,0,0
ORD-20263857,Centro,Bici,2.6,27,0,0
ORD-20263858,Norte,Bici,2.2,24,0,0
ORD-20263859,Centro,Bici,1.8,30,1,0
ORD-20263860,Sur,Moto,4.0,25,0,0
ORD-20263861,Sur,Moto,3.8,41,1,1
ORD-20263862,Norte,Moto,5.3,51,1,0
ORD-20263863,Centro,Bici,2.4,24,0,0
ORD-20263864,Centro,Bici,2.1,23,0,0
ORD-20263865,Centro,Bici,2.8,28,0,0
ORD-20263866,Centro,Moto,3.9,19,0,0
ORD-20263867,Centro,Moto,3.8,23,0,0
ORD-20263868,Norte,Moto,2.1,19,0,0
ORD-20263869,Norte,Moto,5.9,31,0,1
ORD-20263870,Centro,Bici,2.4,32,0,1
ORD-20263871,Centro,Bici,2.6,30,0,0
ORD-20263872,Centro,Bici,2.2,24,0,1
ORD-20263873,Centro,Bici,2.6,28,0,0
ORD-20263874,Sur,Moto,5.2,27,0,0
ORD-20263875,Centro,Moto,2.0,14,0,0
ORD-20263876,Centro,Moto,1.8,17,0,0
ORD-20263877,Centro,Bici,2.1,20,0,0
ORD-20263878,Sur,Moto,5.4,49,1,1
ORD-20263879,Norte,Moto,5.9,27,0,0
ORD-20263880,Centro,Moto,3.2,17,0,0
ORD-20263881,Norte,Moto,4.3,34,0,1
ORD-20263882,Norte,Moto,5.4,32,0,0
ORD-20263883,Sur,Moto,6.4,43,1,1
ORD-20263884,Centro,Moto,3.4,26,0,0
ORD-20263885,Sur,Moto,4.9,35,0,0
ORD-20263886,Sur,Moto,4.7,32,0,1
ORD-20263887,Sur,Moto,5.3,29,0,0
ORD-20263888,Norte,Bici,3.3,30,0,0
ORD-20263889,Norte,Moto,4.7,30,0,0
ORD-20263890,Centro,Moto,3.1,23,0,0
ORD-20263891,Norte,Moto,6.0,32,0,1
ORD-20263892,Norte,Bici,4.6,43,0,0
ORD-20263893,Norte,Moto,5.3,33,0,0
ORD-20263894,Centro,Bici,1.8,23,0,0
ORD-20263895,Norte,Moto,6.1,40,0,1
ORD-20263896,Sur,Bici,4.9,34,0,0
ORD-20263897,Centro,Bici,2.3,23,0,0
ORD-20263898,Sur,Moto,4.5,32,1,1
ORD-20263899,Norte,Moto,4.9,32,0,0
ORD-20263900,Sur,Moto,4.3,42,1,1
ORD-20263901,Centro,Moto,3.0,20,0,0
ORD-20263902,Centro,Moto,2.2,15,0,0
ORD-20263903,Sur,Bici,7.4,65,0,0
ORD-20263904,Centro,Bici,3.7,36,0,1
ORD-20263905,Sur,Moto,3.7,21,0,0
ORD-20263906,Centro,Bici,2.6,21,0,0
ORD-20263907,Norte,Moto,4.0,17,0,0
ORD-20263908,Centro,Moto,2.2,31,1,0
ORD-20263909,Norte,Moto,8.0,48,0,0
ORD-20263910,Centro,Bici,2.3,25,0,0
ORD-20263911,Centro,Moto,2.8,23,0,0
ORD-20263912,Centro,Bici,2.9,23,0,0
ORD-20263913,Centro,Bici,1.7,14,0,0
ORD-20263914,Sur,Moto,3.7,25,0,0
ORD-20263915,Sur,Moto,3.2,22,0,0
ORD-20263916,Centro,Bici,1.8,22,1,0
ORD-20263917,Norte,Moto,0.7,10,0,0
ORD-20263918,Centro,Bici,2.9,27,0,0
ORD-20263919,Norte,Moto,8.1,40,0,0
ORD-20263920,Sur,Moto,5.2,29,0,0
ORD-20263921,Sur,Moto,2.9,19,1,0
ORD-20263922,Centro,Moto,2.0,14,0,0
ORD-20263923,Norte,Moto,4.3,24,0,0
ORD-20263924,Centro,Bici,1.7,20,0,0
ORD-20263925,Sur,Moto,6.3,36,0,1
ORD-20263926,Centro,Moto,3.1,22,0,0
ORD-20263927,Norte,Moto,3.3,13,0,0
ORD-20263928,Norte,Moto,6.1,31,0,0
ORD-20263929,Norte,Bici,7.3,69,0,1
ORD-20263930,Centro,Moto,4.0,24,0,0
ORD-20263931,Sur,Moto,9.3,58,0,1
ORD-20263932,Centro,Moto,1.8,10,0,0
ORD-20263933,Norte,Moto,9.2,57,0,0
ORD-20263934,Centro,Moto,2.2,14,0,0
ORD-20263935,Centro,Moto,2.0,13,0,0
ORD-20263936,Norte,Moto,5.5,49,1,1
ORD-20263937,Centro,Moto,2.0,18,0,0
ORD-20263938,Centro,Bici,2.8,32,0,1
ORD-20263939,Centro,Bici,1.4,21,0,0
ORD-20263940,Centro,Moto,2.3,32,1,1
ORD-20263941,Norte,Moto,6.9,35,0,1
ORD-20263942,Sur,Moto,4.9,40,1,1
ORD-20263943,Centro,Bici,2.6,24,0,0
ORD-20263944,Centro,Bici,2.9,37,0,1
ORD-20263945,Centro,Moto,3.4,26,0,0
ORD-20263946,Centro,Bici,1.2,14,0,0
ORD-20263947,Norte,Moto,5.9,39,0,1
ORD-20263948,Norte,Bici,4.6,34,0,1
ORD-20263949,Centro,Bici,2.6,27,0,0
ORD-20263950,Centro,Moto,3.3,18,0,1
ORD-20263951,Centro,Bici,1.5,13,0,0
ORD-20263952,Sur,Moto,3.5,36,1,1
ORD-20263953,Sur,Moto,2.1,18,0,0
ORD-20263954,Centro,Bici,2.1,23,0,0
ORD-20263955,Centro,Moto,3.6,22,0,0
ORD-20263956,Sur,Moto,4.8,23,0,0
ORD-20263957,Sur,Moto,3.0,17,0,0
ORD-20263958,Centro,Moto,2.1,13,0,0
ORD-20263959,Centro,Moto,1.3,11,0,0
ORD-20263960,Centro,Moto,1.6,27,1,0
ORD-20263961,Norte,Moto,5.6,38,0,1
ORD-20263962,Centro,Bici,1.6,13,0,0
ORD-20263963,Centro,Moto,3.4,20,0,0
ORD-20263964,Norte,Moto,4.9,35,1,0
ORD-20263965,Centro,Bici,2.6,22,1,0
ORD-20263966,Norte,Moto,4.6,30,0,0
ORD-20263967,Centro,Moto,3.1,20,0,0
ORD-20263968,Centro,Moto,3.1,20,0,0
ORD-20263969,Norte,Moto,5.5,39,0,0
ORD-20263970,Centro,Moto,3.0,20,0,0
ORD-20263971,Sur,Moto,4.7,27,0,0
ORD-20263972,Norte,Moto,5.8,48,1,0
ORD-20263973,Centro,Bici,2.2,26,0,0
ORD-20263974,Norte,Moto,5.0,31,0,1
ORD-20263975,Centro,Moto,2.3,18,0,0
ORD-20263976,Sur,Moto,4.3,26,0,0
ORD-20263977,Centro,Bici,1.9,30,1,0
ORD-20263978,Norte,Moto,5.7,34,0,0
ORD-20263979,Centro,Moto,3.5,20,0,0
ORD-20263980,Centro,Moto,3.4,20,0,0
ORD-20263981,Sur,Moto,3.1,25,0,0
ORD-20263982,Sur,Moto,6.9,51,0,0
ORD-20263983,Centro,Bici,2.2,28,0,0
ORD-20263984,Centro,Bici,3.0,23,0,0
ORD-20263985,Sur,Moto,3.6,18,0,0
ORD-20263986,Sur,Moto,5.2,25,0,0
ORD-20263987,Centro,Moto,2.8,19,0,0
ORD-20263988,Centro,Bici,1.3,10,0,0
ORD-20263989,Centro,Moto,3.0,18,0,0
ORD-20263990,Sur,Moto,7.0,48,0,1
ORD-20263991,Centro,Bici,2.4,28,0,0
ORD-20263992,Centro,Bici,3.6,40,1,0
ORD-20263993,Norte,Moto,4.7,27,0,0
ORD-20263994,Centro,Moto,3.2,23,0,0
ORD-20263995,Centro,Bici,0.7,12,0,0
ORD-20263996,Centro,Moto,4.4,25,0,0
ORD-20263997,Centro,Moto,3.7,23,0,0
ORD-20263998,Centro,Bici,2.3,31,1,0
ORD-20263999,Norte,Moto,2.0,12,0,0
ORD-20264000,Centro,Bici,2.7,26,0,0
ORD-20264001,Norte,Bici,2.8,26,0,0
ORD-20264002,Sur,Moto,5.7,35,1,1
ORD-20264003,Norte,Moto,5.6,36,0,0
ORD-20264004,Centro,Bici,1.7,20,0,0
ORD-20264005,Centro,Moto,3.4,24,0,0
ORD-20264006,Centro,Moto,3.1,18,0,0
ORD-20264007,Centro,Moto,3.3,15,0,0
ORD-20264008,Centro,Bici,2.5,27,0,0
ORD-20264009,Norte,Bici,2.9,25,0,0
ORD-20264010,Centro,Moto,3.3,19,0,0
ORD-20264011,Centro,Bici,2.3,19,0,0
ORD-20264012,Centro,Bici,1.4,16,0,0
ORD-20264013,Norte,Moto,7.0,49,0,1
ORD-20264014,Centro,Moto,4.2,24,0,0
ORD-20264015,Norte,Bici,4.9,37,0,1
ORD-20264016,Centro,Moto,4.2,29,0,0
ORD-20264017,Sur,Moto,5.1,31,0,1
ORD-20264018,Sur,Bici,4.4,34,1,0
ORD-20264019,Centro,Bici,2.0,34,1,1
ORD-20264020,Centro,Moto,3.8,32,0,1
ORD-20264021,Centro,Bici,1.9,12,0,0
ORD-20264022,Centro,Bici,3.1,24,0,0
ORD-20264023,Norte,Moto,4.2,21,1,0
ORD-20264024,Sur,Moto,4.3,26,0,0
ORD-20264025,Norte,Moto,6.5,43,0,1
ORD-20264026,Sur,Moto,4.4,27,0,0
ORD-20264027,Centro,Bici,2.2,39,1,1
ORD-20264028,Centro,Moto,3.4,25,0,0
ORD-20264029,Norte,Bici,7.4,81,0,1
ORD-20264030,Centro,Moto,3.0,23,0,0
ORD-20264031,Norte,Moto,4.0,23,0,0
ORD-20264032,Centro,Moto,2.1,16,0,0
ORD-20264033,Centro,Bici,2.6,31,1,1
ORD-20264034,Sur,Moto,5.5,41,1,0
ORD-20264035,Centro,Bici,1.7,19,0,0
ORD-20264036,Sur,Moto,6.1,35,0,1
ORD-20264037,Sur,Moto,5.1,37,0,1
ORD-20264038,Norte,Moto,2.4,16,0,0
ORD-20264039,Norte,Moto,3.6,28,1,0
ORD-20264040,Norte,Bici,4.2,34,0,0
ORD-20264041,Sur,Moto,4.9,32,0,1
ORD-20264042,Centro,Bici,4.0,37,1,0
ORD-20264043,Centro,Moto,2.7,18,0,0
ORD-20264044,Norte,Bici,3.7,41,0,1
ORD-20264045,Centro,Moto,2.7,30,1,0
ORD-20264046,Centro,Bici,2.2,22,0,0
ORD-20264047,Centro,Bici,2.8,27,0,0
ORD-20264048,Norte,Moto,5.9,29,0,0
ORD-20264049,Sur,Moto,6.8,34,0,1
ORD-20264050,Centro,Bici,2.5,24,0,0
ORD-20264051,Sur,Moto,7.5,44,0,1
ORD-20264052,Norte,Moto,6.4,42,0,0
ORD-20264053,Sur,Bici,3.9,37,0,1
ORD-20264054,Norte,Moto,8.3,56,0,0
ORD-20264055,Norte,Moto,5.5,40,0,1
ORD-20264056,Centro,Bici,1.8,33,1,1
ORD-20264057,Sur,Moto,7.5,50,0,0
ORD-20264058,Centro,Moto,4.2,22,0,0
ORD-20264059,Sur,Moto,5.0,25,0,0
ORD-20264060,Sur,Moto,4.2,28,0,0
ORD-20264061,Centro,Bici,2.4,19,0,0
ORD-20264062,Centro,Moto,3.1,20,0,0
ORD-20264063,Norte,Moto,6.9,44,0,0
ORD-20264064,Centro,Moto,3.0,24,0,0
ORD-20264065,Sur,Moto,5.2,39,1,0
ORD-20264066,Centro,Moto,3.7,21,0,0
ORD-20264067,Centro,Bici,2.2,34,1,1
ORD-20264068,Sur,Moto,6.5,31,0,0
ORD-20264069,Norte,Moto,4.6,27,0,0
ORD-20264070,Sur,Moto,5.6,33,0,1
ORD-20264071,Centro,Bici,2.4,24,0,0
ORD-20264072,Norte,Moto,4.9,40,1,0
ORD-20264073,Norte,Moto,4.4,24,0,0
ORD-20264074,Norte,Moto,7.0,36,0,0
ORD-20264075,Norte,Moto,3.9,22,0,0
ORD-20264076,Norte,Moto,3.9,19,0,0
ORD-20264077,Centro,Moto,4.2,27,0,0
ORD-20264078,Centro,Moto,3.3,24,0,0
ORD-20264079,Norte,Moto,1.4,13,0,0
ORD-20264080,Centro,Bici,2.0,20,0,0
ORD-20264081,Norte,Moto,2.3,23,1,0
ORD-20264082,Centro,Bici,1.7,21,0,0
ORD-20264083,Norte,Moto,0.5,10,0,0
ORD-20264084,Norte,Moto,4.8,30,0,0
ORD-20264085,Centro,Bici,1.6,35,1,0
ORD-20264086,Centro,Bici,2.5,25,0,0
ORD-20264087,Centro,Bici,1.2,14,0,0
ORD-20264088,Norte,Moto,5.1,29,0,0
ORD-20264089,Sur,Moto,4.4,21,0,0
ORD-20264090,Centro,Moto,3.7,26,0,0
ORD-20264091,Norte,Moto,7.1,40,0,1
ORD-20264092,Centro,Moto,3.1,22,0,0
ORD-20264093,Centro,Bici,2.2,29,0,0
ORD-20264094,Sur,Moto,8.0,42,0,1
ORD-20264095,Centro,Bici,1.3,10,0,0
ORD-20264096,Centro,Bici,1.4,28,1,0
ORD-20264097,Centro,Bici,2.4,35,1,0
ORD-20264098,Centro,Moto,4.3,24,0,0
ORD-20264099,Centro,Bici,2.3,25,0,0
ORD-20264100,Centro,Bici,2.4,27,0,0
ORD-20264101,Norte,Moto,2.8,16,0,0
ORD-20264102,Centro,Moto,3.3,21,0,0
ORD-20264103,Norte,Moto,6.4,57,1,0
ORD-20264104,Centro,Moto,3.1,18,0,0
ORD-20264105,Centro,Bici,2.0,21,0,0
ORD-20264106,Norte,Bici,3.9,22,0,0
ORD-20264107,Sur,Moto,3.1,16,0,0
ORD-20264108,Centro,Bici,2.6,26,0,0
ORD-20264109,Sur,Moto,3.4,38,1,0
ORD-20264110,Norte,Moto,3.2,17,0,0
ORD-20264111,Norte,Moto,4.4,27,0,0
ORD-20264112,Norte,Moto,4.3,25,0,0
ORD-20264113,Centro,Bici,2.1,25,0,0
ORD-20264114,Centro,Bici,2.9,23,0,0
ORD-20264115,Norte,Moto,5.1,32,0,1
ORD-20264116,Centro,Bici,2.3,21,0,0
ORD-20264117,Sur,Moto,5.3,33,0,0
ORD-20264118,Centro,Bici,1.7,19,0,0
ORD-20264119,Centro,Moto,2.6,17,0,0
ORD-20264120,Norte,Moto,5.2,33,0,1
ORD-20264121,Centro,Bici,1.3,16,0,0
ORD-20264122,Norte,Moto,6.5,37,0,1
ORD-20264123,Norte,Moto,3.7,22,0,0
ORD-20264124,Sur,Moto,5.1,31,0,0
ORD-20264125,Norte,Moto,6.7,40,0,0
ORD-20264126,Norte,Moto,6.4,32,0,1
ORD-20264127,Norte,Moto,5.1,29,0,0
ORD-20264128,Sur,Moto,4.5,32,1,0
ORD-20264129,Centro,Moto,3.3,31,1,1
ORD-20264130,Centro,Moto,3.0,27,1,0
ORD-20264131,Centro,Moto,2.0,17,0,0
ORD-20264132,Centro,Bici,1.9,22,0,0
ORD-20264133,Norte,Moto,1.9,12,0,0
ORD-20264134,Norte,Moto,5.2,31,0,1
ORD-20264135,Norte,Moto,4.9,32,0,1
ORD-20264136,Centro,Bici,3.4,31,0,0
ORD-20264137,Norte,Moto,5.5,29,0,0
ORD-20264138,Centro,Moto,3.6,19,0,0
ORD-20264139,Norte,Moto,4.0,28,0,0
ORD-20264140,Norte,Moto,6.7,44,0,0
ORD-20264141,Centro,Bici,2.1,21,0,0
ORD-20264142,Centro,Moto,3.1,23,0,0
ORD-20264143,Centro,Moto,1.3,12,1,0
ORD-20264144,Sur,Moto,5.4,38,0,1
ORD-20264145,Sur,Moto,2.0,15,0,0
ORD-20264146,Norte,Moto,4.6,39,1,0
ORD-20264147,Centro,Bici,2.9,27,0,0
ORD-20264148,Centro,Moto,2.1,19,0,0
ORD-20264149,Norte,Bici,3.4,27,0,0
ORD-20264150,Norte,Moto,6.3,45,0,0
ORD-20264151,Centro,Bici,2.4,26,0,0
ORD-20264152,Centro,Bici,2.1,24,0,0
ORD-20264153,Norte,Moto,5.1,29,0,0
ORD-20264154,Centro,Bici,4.6,34,0,1
ORD-20264155,Centro,Moto,3.4,25,0,0
ORD-20264156,Centro,Moto,3.4,23,0,0
ORD-20264157,Norte,Moto,5.7,40,0,1
ORD-20264158,Sur,Moto,5.2,30,0,0
ORD-20264159,Sur,Moto,1.4,11,0,0
ORD-20264160,Norte,Moto,4.0,30,0,0
ORD-20264161,Norte,Moto,4.3,47,1,0
ORD-20264162,Centro,Bici,1.0,13,0,0
ORD-20264163,Norte,Moto,3.3,19,0,0
ORD-20264164,Centro,Moto,0.9,11,0,0
ORD-20264165,Norte,Moto,4.9,28,0,0
ORD-20264166,Centro,Bici,3.2,33,0,0
ORD-20264167,Centro,Moto,3.4,21,0,0
ORD-20264168,Centro,Bici,2.8,34,0,1
ORD-20264169,Centro,Bici,1.7,26,1,0
ORD-20264170,Centro,Bici,1.0,14,0,0
ORD-20264171,Centro,Bici,1.1,13,0,0
ORD-20264172,Sur,Moto,3.1,20,0,0
ORD-20264173,Centro,Bici,1.8,18,0,0
ORD-20264174,Norte,Moto,4.8,43,1,1
ORD-20264175,Sur,Moto,3.5,26,0,0
ORD-20264176,Sur,Bici,5.5,53,0,0
ORD-20264177,Norte,Bici,4.7,42,0,1
ORD-20264178,Sur,Moto,5.0,31,0,0
ORD-20264179,Centro,Moto,3.4,25,0,0
ORD-20264180,Centro,Bici,1.6,20,0,0
ORD-20264181,Centro,Bici,2.8,16,0,0
ORD-20264182,Norte,Moto,5.0,29,0,0
ORD-20264183,Norte,Moto,4.5,27,0,0
ORD-20264184,Centro,Moto,3.2,23,0,0
ORD-20264185,Centro,Moto,3.2,21,0,0
ORD-20264186,Norte,Moto,3.6,25,0,0
ORD-20264187,Centro,Bici,2.4,20,0,0
ORD-20264188,Norte,Moto,5.4,33,0,0
ORD-20264189,Norte,Moto,4.6,32,0,1
ORD-20264190,Norte,Moto,5.9,27,0,0
ORD-20264191,Norte,Moto,5.4,58,1,1
ORD-20264192,Sur,Moto,7.7,51,0,1
ORD-20264193,Centro,Bici,1.3,15,0,0
ORD-20264194,Norte,Bici,4.8,38,0,1
ORD-20264195,Norte,Bici,3.6,33,0,1
ORD-20264196,Centro,Moto,3.0,30,1,0
ORD-20264197,Centro,Bici,1.2,26,1,0
ORD-20264198,Centro,Bici,2.8,34,0,0
ORD-20264199,Centro,Bici,2.0,20,0,0
ORD-20264200,Norte,Moto,3.9,27,0,0
ORD-20264201,Sur,Moto,2.8,15,0,0
ORD-20264202,Centro,Moto,2.1,15,0,0
ORD-20264203,Centro,Moto,3.4,23,0,0
ORD-20264204,Sur,Moto,5.0,33,0,0
ORD-20264205,Centro,Moto,3.0,27,1,0
ORD-20264206,Centro,Moto,3.8,32,1,1
ORD-20264207,Norte,Moto,5.4,51,1,0
ORD-20264208,Norte,Moto,4.2,31,0,1
ORD-20264209,Centro,Bici,2.9,29,0,0
ORD-20264210,Centro,Bici,2.1,14,0,0
ORD-20264211,Centro,Moto,2.1,21,0,0
ORD-20264212,Norte,Bici,2.7,27,0,0
ORD-20264213,Norte,Moto,6.4,35,0,0
ORD-20264214,Centro,Moto,2.2,15,0,0
ORD-20264215,Norte,Moto,5.3,33,0,1
ORD-20264216,Sur,Moto,3.4,23,0,0
ORD-20264217,Centro,Bici,2.8,31,0,1
ORD-20264218,Centro,Bici,1.9,17,0,0
ORD-20264219,Norte,Moto,4.8,28,0,0
ORD-20264220,Centro,Moto,3.2,27,0,0
ORD-20264221,Centro,Bici,3.1,41,1,1
ORD-20264222,Norte,Moto,5.0,29,0,0
ORD-20264223,Sur,Moto,2.3,14,0,0
ORD-20264224,Sur,Moto,9.5,56,0,1
ORD-20264225,Norte,Moto,7.6,50,0,1
ORD-20264226,Norte,Moto,6.1,40,0,1
ORD-20264227,Centro,Bici,1.9,29,1,0
ORD-20264228,Norte,Moto,4.8,41,1,0
ORD-20264229,Centro,Bici,2.1,27,0,0
ORD-20264230,Centro,Moto,3.5,26,0,0
ORD-20264231,Norte,Moto,5.4,28,0,0
ORD-20264232,Norte,Bici,3.8,22,0,0
ORD-20264233,Centro,Bici,2.1,23,0,0
ORD-20264234,Sur,Moto,6.7,43,0,1
ORD-20264235,Centro,Moto,3.8,20,0,0
ORD-20264236,Centro,Moto,3.7,23,0,0
ORD-20264237,Centro,Moto,3.1,20,0,0
ORD-20264238,Norte,Moto,4.6,28,0,0
ORD-20264239,Norte,Moto,0.5,10,0,0
ORD-20264240,Centro,Bici,2.7,32,0,0
ORD-20264241,Norte,Moto,5.0,31,0,1
ORD-20264242,Centro,Bici,2.6,22,0,0
ORD-20264243,Norte,Moto,5.1,35,0,1
ORD-20264244,Centro,Bici,1.4,13,0,0
ORD-20264245,Centro,Bici,2.9,34,0,1
ORD-20264246,Sur,Moto,5.9,40,0,1
ORD-20264247,Centro,Moto,3.0,24,0,0
ORD-20264248,Centro,Moto,3.3,21,0,0
ORD-20264249,Norte,Moto,5.9,32,0,1
ORD-20264250,Sur,Moto,4.4,27,0,0
ORD-20264251,Centro,Moto,2.4,17,0,0
ORD-20264252,Centro,Bici,2.6,23,0,0
ORD-20264253,Centro,Bici,2.6,33,1,1
ORD-20264254,Norte,Moto,6.5,35,0,1
ORD-20264255,Centro,Moto,3.0,16,0,0
ORD-20264256,Norte,Moto,8.1,50,0,0
ORD-20264257,Sur,Moto,8.3,46,0,0
ORD-20264258,Centro,Moto,2.6,17,0,0
ORD-20264259,Centro,Moto,0.5,10,0,0
ORD-20264260,Centro,Moto,3.5,19,0,0
ORD-20264261,Centro,Bici,2.1,28,0,0
ORD-20264262,Sur,Moto,3.8,22,0,0
ORD-20264263,Centro,Bici,2.2,25,0,0
ORD-20264264,Centro,Bici,2.1,33,1,0
ORD-20264265,Norte,Moto,5.9,20,0,0
ORD-20264266,Centro,Bici,1.3,20,0,0
ORD-20264267,Norte,Moto,3.4,35,1,1
ORD-20264268,Centro,Bici,2.8,24,0,0
ORD-20264269,Sur,Moto,5.9,34,0,1
ORD-20264270,Sur,Moto,6.0,37,1,0
ORD-20264271,Norte,Moto,3.8,31,0,1
ORD-20264272,Sur,Moto,3.5,19,0,0
ORD-20264273,Centro,Bici,2.1,20,0,0
ORD-20264274,Centro,Bici,2.7,24,0,0
ORD-20264275,Norte,Moto,7.2,41,0,1
ORD-20264276,Norte,Moto,1.9,17,0,0
ORD-20264277,Centro,Bici,2.3,42,1,1
ORD-20264278,Centro,Bici,1.4,25,1,0
ORD-20264279,Centro,Bici,1.2,26,1,0
ORD-20264280,Centro,Moto,3.3,22,0,0
ORD-20264281,Centro,Bici,2.9,33,1,1
ORD-20264282,Norte,Moto,5.7,46,0,0
ORD-20264283,Centro,Moto,3.2,25,0,0
ORD-20264284,Centro,Bici,2.1,22,0,0
ORD-20264285,Norte,Moto,4.4,33,0,1
ORD-20264286,Norte,Moto,8.3,55,0,0
ORD-20264287,Sur,Moto,4.6,28,0,0
ORD-20264288,Norte,Moto,6.1,37,0,1
ORD-20264289,Centro,Bici,2.5,31,0,0
ORD-20264290,Sur,Moto,2.2,14,0,0
ORD-20264291,Norte,Moto,1.9,31,1,0
ORD-20264292,Centro,Bici,2.0,20,0,0
ORD-20264293,Norte,Moto,6.6,47,0,0
ORD-20264294,Sur,Moto,6.2,36,0,1
ORD-20264295,Centro,Moto,3.2,22,0,0
ORD-20264296,Centro,Bici,1.7,28,1,0
ORD-20264297,Centro,Moto,3.8,22,0,0
ORD-20264298,Centro,Bici,1.7,18,0,0
ORD-20264299,Centro,Bici,2.7,32,0,0
ORD-20264300,Norte,Moto,5.0,26,1,0
ORD-20264301,Centro,Moto,2.4,14,0,0
ORD-20264302,Sur,Moto,7.0,36,0,1
ORD-20264303,Norte,Moto,3.9,21,0,0
ORD-20264304,Norte,Moto,3.0,25,0,0
ORD-20264305,Sur,Moto,5.0,48,1,1
ORD-20264306,Centro,Moto,2.2,28,1,0
ORD-20264307,Centro,Moto,5.2,37,1,1
ORD-20264308,Norte,Moto,6.0,54,1,0
ORD-20264309,Sur,Moto,4.4,21,0,0
ORD-20264310,Norte,Moto,3.4,29,0,0
ORD-20264311,Centro,Moto,1.0,10,0,1
ORD-20264312,Sur,Moto,3.5,22,0,0
ORD-20264313,Centro,Bici,2.6,24,0,0
ORD-20264314,Sur,Bici,7.1,52,0,0
ORD-20264315,Sur,Moto,6.7,63,1,0
ORD-20264316,Centro,Bici,2.7,30,0,0
ORD-20264317,Norte,Moto,4.5,44,1,1
ORD-20264318,Centro,Moto,2.7,15,0,0
ORD-20264319,Centro,Bici,2.1,22,0,0
ORD-20264320,Norte,Moto,7.6,46,0,1
ORD-20264321,Norte,Moto,4.7,30,0,0
ORD-20264322,Sur,Moto,4.9,24,0,0
ORD-20264323,Norte,Moto,1.7,16,0,0
ORD-20264324,Centro,Moto,2.3,17,0,0
ORD-20264325,Sur,Moto,6.3,31,0,0
ORD-20264326,Sur,Moto,3.4,16,0,0
ORD-20264327,Centro,Bici,1.9,22,0,0
ORD-20264328,Sur,Moto,6.2,49,0,1
ORD-20264329,Centro,Bici,1.3,13,0,0
ORD-20264330,Sur,Moto,6.6,39,0,1
ORD-20264331,Centro,Moto,2.1,18,0,0
ORD-20264332,Centro,Bici,2.2,18,0,0
ORD-20264333,Centro,Bici,1.6,17,0,0
ORD-20264334,Norte,Moto,5.6,29,0,0
ORD-20264335,Centro,Moto,4.5,32,0,1
ORD-20264336,Centro,Moto,3.1,25,0,0
ORD-20264337,Norte,Moto,3.7,24,0,0
ORD-20264338,Sur,Moto,6.7,34,0,0
ORD-20264339,Centro,Bici,2.2,21,0,0
ORD-20264340,Centro,Moto,3.6,21,0,0
ORD-20264341,Centro,Moto,3.1,17,0,0
ORD-20264342,Centro,Bici,0.5,10,0,0
ORD-20264343,Sur,Moto,3.5,35,1,0
ORD-20264344,Sur,Moto,6.4,40,0,1
ORD-20264345,Norte,Moto,5.2,41,1,0
ORD-20264346,Centro,Bici,1.7,19,0,0
ORD-20264347,Norte,Moto,4.0,25,0,1
ORD-20264348,Norte,Bici,2.1,18,0,0
ORD-20264349,Sur,Moto,4.9,30,0,0
ORD-20264350,Norte,Moto,8.3,42,0,1
ORD-20264351,Norte,Moto,6.2,29,0,0
ORD-20264352,Norte,Moto,8.3,49,0,0
ORD-20264353,Centro,Moto,3.2,19,0,0
ORD-20264354,Sur,Moto,6.5,39,0,0
ORD-20264355,Norte,Moto,8.0,51,0,1
ORD-20264356,Norte,Moto,5.6,28,0,0
ORD-20264357,Centro,Moto,2.4,17,0,0
ORD-20264358,Norte,Moto,6.5,27,0,0
ORD-20264359,Norte,Moto,7.2,50,0,1
ORD-20264360,Centro,Bici,2.1,17,0,0
ORD-20264361,Centro,Bici,1.9,19,0,0
ORD-20264362,Norte,Moto,5.2,37,0,1
ORD-20264363,Norte,Moto,6.2,35,0,0
ORD-20264364,Norte,Moto,6.2,30,0,0
ORD-20264365,Centro,Moto,1.4,13,0,0
ORD-20264366,Norte,Moto,7.9,49,0,0
ORD-20264367,Centro,Bici,2.0,19,0,0
ORD-20264368,Centro,Moto,2.3,15,0,0
ORD-20264369,Centro,Bici,1.8,18,0,0
ORD-20264370,Centro,Moto,4.7,37,1,0
ORD-20264371,Centro,Bici,2.7,19,0,0
ORD-20264372,Centro,Bici,1.8,29,1,0
ORD-20264373,Centro,Moto,3.2,27,0,0
ORD-20264374,Centro,Moto,3.1,18,0,0
ORD-20264375,Norte,Moto,4.7,26,0,0
ORD-20264376,Centro,Moto,3.2,17,0,0
ORD-20264377,Centro,Bici,1.8,32,1,0
ORD-20264378,Sur,Moto,4.3,31,0,1
ORD-20264379,Centro,Bici,0.9,26,1,0
ORD-20264380,Norte,Moto,3.0,16,0,0
ORD-20264381,Centro,Moto,3.9,26,0,0
ORD-20264382,Centro,Bici,3.8,55,1,1
ORD-20264383,Norte,Moto,5.1,33,0,1
ORD-20264384,Norte,Moto,7.5,56,1,1
ORD-20264385,Sur,Moto,4.8,27,0,0
ORD-20264386,Norte,Bici,4.6,43,0,1
ORD-20264387,Sur,Moto,5.1,36,0,0
ORD-20264388,Centro,Bici,2.4,36,1,1
ORD-20264389,Centro,Bici,2.3,19,0,0
ORD-20264390,Centro,Moto,3.4,20,0,0
ORD-20264391,Centro,Bici,2.6,30,0,0
ORD-20264392,Norte,Moto,6.1,37,0,1
ORD-20264393,Norte,Bici,6.5,58,0,1
ORD-20264394,Centro,Moto,2.8,17,0,0
ORD-20264395,Sur,Bici,3.5,39,0,0
ORD-20264396,Sur,Moto,3.0,25,0,0
ORD-20264397,Centro,Bici,2.6,31,0,1
ORD-20264398,Centro,Bici,2.4,29,0,0
ORD-20264399,Centro,Bici,2.6,24,0,0
ORD-20264400,Centro,Bici,2.5,23,0,0
ORD-20264401,Centro,Moto,4.6,37,1,1
ORD-20264402,Norte,Bici,3.0,29,0,0
ORD-20264403,Centro,Moto,0.9,12,0,0
ORD-20264404,Centro,Bici,2.8,44,1,1
ORD-20264405,Sur,Moto,4.4,29,0,0
ORD-20264406,Norte,Moto,5.5,26,0,0
ORD-20264407,Sur,Moto,5.9,33,1,1
ORD-20264408,Centro,Moto,3.5,23,0,0
ORD-20264409,Centro,Moto,1.3,24,1,0
ORD-20264410,Norte,Moto,4.2,26,0,1
ORD-20264411,Centro,Moto,2.8,24,0,0
ORD-20264412,Centro,Moto,3.1,17,0,0
ORD-20264413,Norte,Moto,8.3,38,0,1
ORD-20264414,Norte,Moto,6.4,33,0,1
ORD-20264415,Centro,Bici,2.5,22,0,0
ORD-20264416,Centro,Moto,1.8,15,0,0
ORD-20264417,Centro,Bici,2.0,20,0,0
ORD-20264418,Centro,Bici,2.0,16,0,0
ORD-20264419,Centro,Moto,3.0,34,1,0
ORD-20264420,Centro,Bici,2.7,20,0,0
ORD-20264421,Centro,Moto,1.4,10,0,0
ORD-20264422,Sur,Moto,4.3,28,1,0
ORD-20264423,Norte,Moto,6.3,38,0,1
ORD-20264424,Norte,Moto,5.5,44,1,1
ORD-20264425,Centro,Moto,3.0,26,0,0
ORD-20264426,Centro,Bici,2.8,31,0,1
ORD-20264427,Centro,Bici,3.8,43,0,1
ORD-20264428,Centro,Bici,2.7,28,0,0
ORD-20264429,Centro,Bici,2.2,28,1,0
ORD-20264430,Norte,Moto,3.6,23,0,0
ORD-20264431,Norte,Moto,5.4,35,0,1
ORD-20264432,Norte,Moto,1.3,13,0,0
ORD-20264433,Centro,Moto,2.4,16,0,0
ORD-20264434,Sur,Moto,4.7,31,0,1
ORD-20264435,Centro,Bici,1.4,14,0,0
ORD-20264436,Centro,Bici,1.8,25,1,1
ORD-20264437,Centro,Moto,3.1,17,0,0
ORD-20264438,Norte,Bici,5.3,48,0,1
ORD-20264439,Sur,Moto,5.2,26,0,0
ORD-20264440,Centro,Bici,2.7,25,0,0
ORD-20264441,Sur,Moto,5.1,35,0,0
ORD-20264442,Sur,Bici,6.9,51,0,1
ORD-20264443,Centro,Bici,2.6,24,0,0
ORD-20264444,Centro,Bici,1.3,16,0,0
ORD-20264445,Centro,Moto,3.8,35,1,1
ORD-20264446,Sur,Moto,5.6,31,0,1
ORD-20264447,Centro,Bici,2.0,23,0,0
ORD-20264448,Norte,Moto,3.1,22,0,0
ORD-20264449,Centro,Bici,2.8,32,0,0
ORD-20264450,Norte,Bici,4.8,43,0,1
ORD-20264451,Centro,Moto,3.8,22,0,0
ORD-20264452,Norte,Moto,4.5,25,0,0
ORD-20264453,Sur,Moto,3.7,25,0,0
ORD-20264454,Sur,Moto,6.3,44,1,0
ORD-20264455,Sur,Moto,6.4,34,0,1
ORD-20264456,Centro,Bici,2.6,24,0,0
ORD-20264457,Norte,Bici,6.0,48,0,1
ORD-20264458,Centro,Moto,2.5,28,1,0
ORD-20264459,Centro,Bici,2.7,29,1,0
ORD-20264460,Norte,Moto,6.7,40,0,1
ORD-20264461,Centro,Moto,3.0,22,0,0
ORD-20264462,Norte,Moto,4.7,26,0,0
ORD-20264463,Sur,Moto,7.0,52,0,1
ORD-20264464,Centro,Bici,0.6,10,0,0
ORD-20264465,Norte,Moto,8.1,35,0,1
ORD-20264466,Centro,Bici,1.1,13,0,0
ORD-20264467,Centro,Bici,2.0,21,0,0
ORD-20264468,Centro,Moto,2.5,29,1,0
ORD-20264469,Sur,Moto,4.8,28,0,0
ORD-20264470,Sur,Moto,6.5,32,0,0
ORD-20264471,Sur,Moto,3.4,18,0,0
ORD-20264472,Sur,Moto,5.4,29,0,0
ORD-20264473,Centro,Bici,2.0,19,0,0
ORD-20264474,Centro,Bici,2.7,22,0,0
ORD-20264475,Norte,Moto,4.9,35,1,0
ORD-20264476,Centro,Moto,2.6,20,0,0
ORD-20264477,Centro,Bici,2.1,27,0,0
ORD-20264478,Centro,Bici,2.1,24,0,0
ORD-20264479,Norte,Moto,5.4,38,0,1
ORD-20264480,Norte,Moto,6.4,54,1,0
ORD-20264481,Centro,Bici,2.0,24,0,0
ORD-20264482,Centro,Bici,1.8,18,0,0
ORD-20264483,Norte,Moto,5.9,35,0,1
ORD-20264484,Norte,Moto,5.0,28,0,0
ORD-20264485,Centro,Moto,3.2,30,1,0
ORD-20264486,Norte,Moto,3.6,23,0,0
ORD-20264487,Centro,Moto,1.1,12,0,0
ORD-20264488,Centro,Bici,2.1,23,0,0
ORD-20264489,Norte,Moto,3.9,24,0,0
ORD-20264490,Norte,Bici,4.9,45,0,1
ORD-20264491,Centro,Bici,2.0,22,0,0
ORD-20264492,Norte,Moto,6.1,39,0,1
ORD-20264493,Norte,Moto,4.6,22,0,0
ORD-20264494,Norte,Moto,5.2,26,0,0
ORD-20264495,Norte,Moto,5.2,36,0,1
ORD-20264496,Norte,Moto,5.3,31,0,0
ORD-20264497,Centro,Bici,2.5,23,0,0
ORD-20264498,Centro,Bici,2.9,27,0,0
ORD-20264499,Centro,Bici,1.9,29,1,0
ORD-20264500,Centro,Moto,3.6,25,0,0
ORD-20264501,Norte,Moto,4.6,32,1,1
ORD-20264502,Norte,Moto,3.0,20,0,0
ORD-20264503,Centro,Bici,2.7,28,0,0
ORD-20264504,Centro,Bici,1.8,21,0,0
ORD-20264505,Centro,Moto,3.0,31,1,0
ORD-20264506,Centro,Moto,4.3,29,0,0
ORD-20264507,Norte,Moto,3.8,22,0,0
ORD-20264508,Centro,Bici,2.8,32,1,0
ORD-20264509,Norte,Moto,2.4,37,1,1
ORD-20264510,Sur,Moto,5.7,32,0,0
ORD-20264511,Centro,Bici,1.8,29,1,0
ORD-20264512,Centro,Bici,2.0,23,0,0
ORD-20264513,Centro,Moto,1.6,16,0,0
ORD-20264514,Norte,Moto,6.1,33,0,1
ORD-20264515,Norte,Moto,6.5,32,0,1
ORD-20264516,Centro,Bici,2.5,20,0,0
ORD-20264517,Norte,Moto,3.7,29,0,0
ORD-20264518,Sur,Moto,7.4,35,0,1
ORD-20264519,Centro,Bici,1.9,20,0,0
ORD-20264520,Centro,Moto,0.8,16,1,0
ORD-20264521,Sur,Moto,5.7,26,0,0
ORD-20264522,Norte,Moto,3.3,30,1,0
ORD-20264523,Sur,Bici,6.5,58,1,1
ORD-20264524,Norte,Moto,4.4,33,1,1
ORD-20264525,Sur,Moto,5.9,45,0,0
ORD-20264526,Centro,Moto,3.6,24,0,0
ORD-20264527,Norte,Moto,3.2,24,0,0
ORD-20264528,Sur,Moto,4.2,29,0,0
ORD-20264529,Norte,Moto,4.9,29,0,0
ORD-20264530,Centro,Moto,3.7,22,0,0
ORD-20264531,Centro,Bici,2.0,22,0,0
ORD-20264532,Centro,Moto,2.0,26,1,0
ORD-20264533,Centro,Bici,2.9,35,1,1
ORD-20264534,Centro,Bici,2.0,21,0,0
ORD-20264535,Norte,Moto,5.2,28,0,0
ORD-20264536,Norte,Moto,2.7,18,0,0
ORD-20264537,Centro,Bici,4.3,47,1,1
ORD-20264538,Norte,Moto,3.0,16,0,0
ORD-20264539,Centro,Bici,2.2,15,0,0
ORD-20264540,Centro,Moto,2.5,15,0,0
ORD-20264541,Centro,Moto,4.0,32,0,1
ORD-20264542,Norte,Moto,3.0,29,1,0
ORD-20264543,Centro,Moto,4.1,28,0,0
ORD-20264544,Centro,Bici,3.1,20,0,0
ORD-20264545,Centro,Moto,2.8,25,1,0
ORD-20264546,Sur,Moto,3.5,26,1,0
ORD-20264547,Centro,Moto,3.0,29,1,0
ORD-20264548,Norte,Moto,3.9,33,0,1
ORD-20264549,Norte,Moto,6.9,42,0,0
ORD-20264550,Norte,Bici,3.5,41,0,0
ORD-20264551,Sur,Moto,4.8,28,0,0
ORD-20264552,Centro,Bici,2.1,26,0,0
ORD-20264553,Centro,Bici,1.7,24,0,0
ORD-20264554,Sur,Moto,6.1,35,0,1
ORD-20264555,Centro,Bici,2.9,35,1,1
ORD-20264556,Norte,Bici,6.8,48,0,1
ORD-20264557,Norte,Bici,2.3,32,1,0
ORD-20264558,Norte,Moto,6.6,38,0,1
ORD-20264559,Sur,Bici,8.8,98,0,1
ORD-20264560,Sur,Moto,4.3,21,0,0
ORD-20264561,Norte,Moto,7.8,44,0,0
ORD-20264562,Centro,Bici,2.3,17,0,0
ORD-20264563,Sur,Moto,2.9,28,1,0
ORD-20264564,Centro,Bici,2.3,24,0,0
ORD-20264565,Centro,Moto,3.3,34,1,1
ORD-20264566,Sur,Moto,3.7,26,0,0
ORD-20264567,Centro,Bici,2.0,33,1,1
ORD-20264568,Centro,Moto,3.0,22,0,0
ORD-20264569,Centro,Bici,2.5,25,0,0
ORD-20264570,Sur,Moto,5.9,29,0,0
ORD-20264571,Norte,Moto,5.4,23,0,0
ORD-20264572,Norte,Moto,5.7,40,1,0
ORD-20264573,Centro,Bici,2.2,22,0,0
ORD-20264574,Norte,Moto,5.3,37,0,0
ORD-20264575,Norte,Moto,3.6,23,0,0
ORD-20264576,Centro,Moto,3.5,22,0,0
ORD-20264577,Centro,Bici,2.0,22,0,0
ORD-20264578,Centro,Bici,3.4,31,0,1
ORD-20264579,Sur,Moto,4.6,31,0,1
ORD-20264580,Norte,Moto,5.3,41,0,1
ORD-20264581,Sur,Moto,4.3,35,0,1
ORD-20264582,Centro,Bici,1.7,19,0,0
ORD-20264583,Norte,Moto,2.4,28,1,0
ORD-20264584,Norte,Moto,3.4,40,1,0
ORD-20264585,Norte,Moto,4.5,27,0,0
ORD-20264586,Sur,Moto,5.3,35,0,1
ORD-20264587,Centro,Moto,3.3,18,0,0
ORD-20264588,Centro,Bici,2.1,21,0,0
ORD-20264589,Norte,Moto,3.7,28,0,0
ORD-20264590,Norte,Moto,2.8,26,1,0
ORD-20264591,Norte,Moto,5.7,33,0,1
ORD-20264592,Centro,Moto,3.6,18,0,0
ORD-20264593,Norte,Moto,6.9,51,0,1
ORD-20264594,Centro,Moto,3.1,24,0,0
ORD-20264595,Centro,Moto,3.0,21,0,0
ORD-20264596,Norte,Moto,7.5,46,0,1
ORD-20264597,Norte,Moto,5.5,34,0,1
ORD-20264598,Centro,Moto,3.0,24,0,0
ORD-20264599,Centro,Moto,2.2,24,1,0
ORD-20264600,Centro,Moto,1.4,13,0,0
ORD-20264601,Centro,Bici,2.0,24,0,0
ORD-20264602,Norte,Moto,5.0,35,0,1
ORD-20264603,Sur,Bici,5.1,37,1,1
ORD-20264604,Centro,Moto,4.0,32,1,1
ORD-20264605,Norte,Moto,5.1,26,0,0
ORD-20264606,Sur,Moto,6.8,40,0,1
ORD-20264607,Sur,Moto,4.3,18,0,0
ORD-20264608,Centro,Bici,2.3,16,0,0
ORD-20264609,Sur,Bici,3.0,38,0,1
ORD-20264610,Centro,Bici,1.9,22,0,0
ORD-20264611,Centro,Moto,2.9,20,0,0
ORD-20264612,Centro,Bici,2.5,26,0,0
ORD-20264613,Centro,Moto,3.3,22,0,0
ORD-20264614,Centro,Bici,2.6,30,0,0
ORD-20264615,Centro,Bici,2.2,20,0,0
ORD-20264616,Centro,Moto,4.2,27,0,0
ORD-20264617,Sur,Moto,4.9,31,0,1
ORD-20264618,Sur,Moto,6.7,32,0,0
ORD-20264619,Centro,Bici,2.2,27,0,0
ORD-20264620,Sur,Moto,6.1,33,0,1
ORD-20264621,Sur,Moto,6.4,43,0,0
ORD-20264622,Norte,Moto,5.3,32,0,0
ORD-20264623,Centro,Bici,0.6,12,0,0
ORD-20264624,Norte,Moto,5.0,25,0,0
ORD-20264625,Sur,Moto,6.8,41,1,1
ORD-20264626,Norte,Moto,5.8,29,0,0
ORD-20264627,Centro,Bici,2.9,29,0,0
ORD-20264628,Norte,Moto,2.4,21,0,0
ORD-20264629,Norte,Moto,3.9,43,1,1
ORD-20264630,Norte,Moto,5.6,28,1,0
ORD-20264631,Centro,Bici,2.8,28,0,0
ORD-20264632,Centro,Moto,3.5,12,0,0
ORD-20264633,Sur,Moto,4.8,32,0,0
ORD-20264634,Sur,Moto,5.6,50,1,1
ORD-20264635,Centro,Moto,2.5,17,0,0
ORD-20264636,Sur,Moto,3.5,33,1,0
ORD-20264637,Centro,Bici,0.7,11,0,0
ORD-20264638,Norte,Bici,5.6,44,0,0
ORD-20264639,Norte,Moto,5.3,44,1,1
ORD-20264640,Sur,Moto,4.1,25,0,0
ORD-20264641,Sur,Moto,2.6,32,1,0
ORD-20264642,Centro,Moto,3.0,20,0,0
ORD-20264643,Sur,Moto,4.6,33,1,1
ORD-20264644,Centro,Bici,2.9,22,0,0
ORD-20264645,Norte,Moto,7.8,32,0,1
ORD-20264646,Norte,Moto,1.8,17,0,0
ORD-20264647,Norte,Moto,4.0,23,0,0
ORD-20264648,Centro,Bici,2.3,25,0,0
ORD-20264649,Sur,Moto,7.2,65,1,0
ORD-20264650,Centro,Bici,1.2,13,0,0
ORD-20264651,Centro,Moto,4.0,23,0,0
ORD-20264652,Norte,Moto,5.2,40,1,1
ORD-20264653,Centro,Bici,2.4,24,0,0
ORD-20264654,Sur,Moto,4.7,37,0,1
ORD-20264655,Centro,Bici,2.2,28,0,0
ORD-20264656,Centro,Moto,3.3,34,1,1
ORD-20264657,Sur,Moto,3.4,27,0,0
ORD-20264658,Norte,Moto,5.5,32,0,1
ORD-20264659,Centro,Bici,2.2,34,1,0
ORD-20264660,Norte,Moto,3.9,23,0,0
ORD-20264661,Norte,Moto,8.9,40,0,1
ORD-20264662,Norte,Moto,5.6,39,0,0
ORD-20264663,Centro,Moto,3.0,32,1,0
ORD-20264664,Sur,Moto,6.7,39,0,0
ORD-20264665,Sur,Moto,2.9,19,0,0
ORD-20264666,Norte,Moto,7.6,33,0,0
ORD-20264667,Centro,Bici,0.5,10,0,0
ORD-20264668,Sur,Moto,3.8,25,0,0
ORD-20264669,Norte,Moto,4.3,24,0,0
ORD-20264670,Norte,Moto,5.9,33,0,0
ORD-20264671,Centro,Moto,2.7,18,0,0
ORD-20264672,Sur,Moto,4.7,26,0,0
ORD-20264673,Norte,Moto,5.0,26,0,0
ORD-20264674,Centro,Bici,1.7,14,0,0
ORD-20264675,Centro,Bici,1.3,15,0,0
ORD-20264676,Sur,Moto,6.1,39,0,1
ORD-20264677,Centro,Moto,3.1,15,0,0
ORD-20264678,Sur,Moto,7.4,42,0,1
ORD-20264679,Norte,Bici,3.8,37,0,1
ORD-20264680,Norte,Bici,6.0,45,0,0
ORD-20264681,Centro,Bici,2.3,28,0,0
ORD-20264682,Centro,Bici,3.5,31,0,1
ORD-20264683,Sur,Moto,6.5,37,0,1
ORD-20264684,Centro,Bici,2.7,26,0,0
ORD-20264685,Norte,Moto,4.5,28,1,0
ORD-20264686,Centro,Bici,3.3,36,0,1
ORD-20264687,Centro,Moto,3.0,17,0,0
ORD-20264688,Centro,Bici,2.0,20,0,0
ORD-20264689,Norte,Bici,3.0,32,0,0
ORD-20264690,Sur,Moto,4.6,34,0,1
ORD-20264691,Centro,Moto,3.7,20,0,0
ORD-20264692,Centro,Moto,3.4,21,0,0
ORD-20264693,Centro,Bici,1.6,21,0,0
ORD-20264694,Norte,Moto,3.2,22,0,0
ORD-20264695,Centro,Moto,3.5,25,0,0
ORD-20264696,Sur,Moto,3.3,18,0,0
ORD-20264697,Norte,Moto,5.8,32,0,1
ORD-20264698,Norte,Moto,4.1,35,1,0
ORD-20264699,Centro,Moto,3.8,21,0,0
ORD-20264700,Sur,Moto,3.8,18,0,0
ORD-20264701,Centro,Moto,3.4,20,0,1
ORD-20264702,Centro,Bici,2.6,31,0,1
ORD-20264703,Norte,Moto,5.4,32,0,0
ORD-20264704,Norte,Moto,2.0,18,0,0
ORD-20264705,Centro,Bici,0.7,11,0,0
ORD-20264706,Centro,Bici,2.3,21,0,0
ORD-20264707,Norte,Moto,5.4,38,0,1
ORD-20264708,Centro,Moto,1.6,13,0,0
ORD-20264709,Sur,Moto,3.4,25,0,0
ORD-20264710,Norte,Moto,5.8,29,0,0
ORD-20264711,Centro,Moto,3.0,23,0,0
ORD-20264712,Centro,Bici,2.4,28,0,0
ORD-20264713,Centro,Moto,3.1,21,0,0
ORD-20264714,Norte,Moto,3.2,18,0,0
ORD-20264715,Norte,Moto,4.5,27,0,0
ORD-20264716,Centro,Moto,3.8,26,0,0
ORD-20264717,Norte,Moto,5.1,32,0,0
ORD-20264718,Sur,Moto,5.2,34,0,1
ORD-20264719,Centro,Moto,4.3,31,0,0
ORD-20264720,Sur,Moto,2.9,18,0,0
ORD-20264721,Centro,Bici,3.1,33,1,0
ORD-20264722,Centro,Moto,3.8,34,1,0
ORD-20264723,Centro,Bici,2.2,31,1,0
ORD-20264724,Centro,Moto,3.2,23,0,0
ORD-20264725,Centro,Moto,1.7,11,0,0
ORD-20264726,Centro,Bici,2.0,24,0,0
ORD-20264727,Sur,Moto,5.6,52,1,1
ORD-20264728,Sur,Moto,6.2,36,0,1
ORD-20264729,Norte,Moto,6.7,39,0,1
ORD-20264730,Centro,Moto,3.8,21,0,0
ORD-20264731,Centro,Bici,2.4,22,0,0
ORD-20264732,Centro,Moto,3.5,21,0,0
ORD-20264733,Norte,Moto,4.5,33,0,1
ORD-20264734,Sur,Moto,6.4,37,0,0
ORD-20264735,Centro,Bici,2.7,29,1,0
ORD-20264736,Centro,Moto,2.9,20,0,0
ORD-20264737,Norte,Moto,5.6,37,0,1
ORD-20264738,Centro,Bici,1.2,15,0,0
ORD-20264739,Centro,Bici,1.6,22,0,0
ORD-20264740,Norte,Moto,5.2,35,0,1
ORD-20264741,Norte,Moto,2.5,15,0,0
ORD-20264742,Centro,Moto,3.2,19,0,0
ORD-20264743,Centro,Bici,3.2,32,0,0
ORD-20264744,Sur,Moto,5.5,24,0,0
ORD-20264745,Centro,Bici,1.6,19,0,0
ORD-20264746,Centro,Moto,3.6,17,0,0
ORD-20264747,Centro,Bici,4.1,44,0,1
ORD-20264748,Centro,Bici,2.6,29,0,0
ORD-20264749,Centro,Bici,2.9,30,0,0
ORD-20264750,Sur,Moto,5.3,28,0,0
ORD-20264751,Centro,Moto,2.9,20,0,0
ORD-20264752,Centro,Moto,2.4,16,0,1
ORD-20264753,Norte,Moto,4.9,25,0,0
ORD-20264754,Norte,Moto,6.4,35,0,0
ORD-20264755,Sur,Moto,8.5,52,0,0
ORD-20264756,Sur,Bici,2.9,28,0,0
ORD-20264757,Centro,Moto,2.4,21,0,0
ORD-20264758,Norte,Bici,3.2,34,0,1
ORD-20264759,Centro,Moto,3.8,37,1,1
ORD-20264760,Sur,Moto,4.1,19,0,0
ORD-20264761,Centro,Bici,1.3,15,0,0
ORD-20264762,Sur,Moto,6.0,38,1,1
ORD-20264763,Norte,Moto,7.6,42,0,1
ORD-20264764,Centro,Moto,3.0,18,0,0
ORD-20264765,Norte,Moto,5.3,39,1,1
ORD-20264766,Sur,Moto,5.6,50,1,0
ORD-20264767,Sur,Moto,7.1,43,0,0
ORD-20264768,Centro,Moto,1.8,16,0,0
ORD-20264769,Norte,Moto,4.8,22,0,0
ORD-20264770,Centro,Bici,2.1,22,0,0
ORD-20264771,Centro,Bici,1.6,20,0,0
ORD-20264772,Centro,Bici,2.2,28,0,0
ORD-20264773,Centro,Moto,3.4,25,1,0
ORD-20264774,Sur,Moto,5.8,32,0,1
ORD-20264775,Centro,Moto,3.0,23,0,0
ORD-20264776,Sur,Moto,5.2,30,0,0
ORD-20264777,Centro,Bici,2.9,24,0,0
ORD-20264778,Centro,Moto,1.9,11,0,0
ORD-20264779,Centro,Bici,2.3,20,0,0
ORD-20264780,Centro,Bici,2.7,20,0,0
ORD-20264781,Centro,Bici,2.7,27,0,0
ORD-20264782,Centro,Bici,2.8,31,0,1
ORD-20264783,Norte,Moto,4.8,24,0,0
ORD-20264784,Centro,Bici,2.2,23,0,0
ORD-20264785,Centro,Moto,5.0,34,0,0
ORD-20264786,Centro,Moto,3.2,21,0,0
ORD-20264787,Sur,Bici,5.6,38,0,0
ORD-20264788,Sur,Moto,4.7,30,0,0
ORD-20264789,Centro,Bici,2.1,32,1,0
ORD-20264790,Centro,Bici,2.4,24,0,0
ORD-20264791,Centro,Bici,2.7,24,0,0
ORD-20264792,Sur,Moto,2.2,16,0,0
ORD-20264793,Centro,Moto,1.2,12,0,0
ORD-20264794,Centro,Moto,2.0,20,0,0
ORD-20264795,Centro,Moto,2.7,19,0,0
ORD-20264796,Centro,Bici,2.3,29,0,0
ORD-20264797,Centro,Moto,3.7,25,0,0
ORD-20264798,Norte,Moto,2.8,19,0,0
ORD-20264799,Centro,Moto,1.9,15,0,0
ORD-20264800,Norte,Moto,7.3,34,0,1
ORD-20264801,Centro,Bici,2.6,27,0,0
ORD-20264802,Centro,Moto,3.2,15,0,0
ORD-20264803,Sur,Moto,8.1,40,0,0
ORD-20264804,Centro,Bici,1.9,21,0,0
ORD-20264805,Sur,Moto,4.9,35,0,1
ORD-20264806,Norte,Moto,4.6,34,0,1
ORD-20264807,Centro,Moto,0.9,10,0,0
ORD-20264808,Sur,Moto,4.5,28,0,0
ORD-20264809,Centro,Moto,3.2,36,1,1
ORD-20264810,Sur,Moto,5.8,27,0,0
ORD-20264811,Centro,Moto,3.0,21,0,0
ORD-20264812,Sur,Bici,4.4,35,0,0
ORD-20264813,Centro,Bici,2.0,20,0,0
ORD-20264814,Norte,Moto,6.9,37,0,0
ORD-20264815,Norte,Moto,4.3,39,1,1
ORD-20264816,Sur,Moto,5.4,35,0,1
ORD-20264817,Sur,Moto,5.2,35,0,1
ORD-20264818,Sur,Moto,7.2,43,0,1
ORD-20264819,Sur,Moto,6.5,38,0,0
ORD-20264820,Centro,Bici,1.5,22,0,0
ORD-20264821,Centro,Moto,1.5,10,0,0
ORD-20264822,Centro,Moto,3.0,25,0,0
ORD-20264823,Centro,Bici,2.4,23,0,0
ORD-20264824,Centro,Bici,2.1,24,0,0
ORD-20264825,Norte,Moto,6.5,36,0,1
ORD-20264826,Centro,Bici,2.6,23,0,0
ORD-20264827,Norte,Moto,5.1,43,1,0
ORD-20264828,Centro,Moto,3.1,24,0,0
ORD-20264829,Centro,Moto,2.2,17,0,0
ORD-20264830,Norte,Moto,7.4,48,1,1
ORD-20264831,Norte,Moto,3.8,37,0,0
ORD-20264832,Norte,Moto,6.0,41,0,1
ORD-20264833,Norte,Moto,7.2,47,0,0
ORD-20264834,Centro,Bici,1.4,15,0,0
ORD-20264835,Norte,Moto,4.5,25,0,0
ORD-20264836,Centro,Bici,3.4,31,0,0
ORD-20264837,Centro,Moto,3.4,37,1,1
ORD-20264838,Centro,Bici,2.4,21,0,0
ORD-20264839,Centro,Bici,1.9,17,0,0
ORD-20264840,Centro,Moto,3.3,23,0,0
ORD-20264841,Sur,Moto,6.8,41,0,0
ORD-20264842,Sur,Moto,3.3,19,0,0
ORD-20264843,Centro,Bici,1.5,14,0,0
ORD-20264844,Centro,Moto,2.7,22,0,0
ORD-20264845,Centro,Moto,3.0,21,0,0
ORD-20264846,Centro,Moto,2.3,13,0,0
ORD-20264847,Sur,Moto,6.0,36,1,1
ORD-20264848,Centro,Bici,1.9,19,0,0
ORD-20264849,Norte,Bici,1.8,33,1,1
ORD-20264850,Centro,Bici,2.2,25,0,0
ORD-20264851,Sur,Moto,5.1,36,0,0
ORD-20264852,Centro,Moto,2.3,13,0,0
ORD-20264853,Norte,Moto,3.3,33,1,1
ORD-20264854,Centro,Bici,1.0,16,0,0
ORD-20264855,Norte,Moto,4.2,31,0,1
ORD-20264856,Centro,Moto,3.2,22,0,0
ORD-20264857,Centro,Moto,3.5,30,0,0
ORD-20264858,Sur,Moto,6.8,43,0,1
ORD-20264859,Sur,Moto,3.8,28,0,0
ORD-20264860,Sur,Moto,3.3,22,0,0
ORD-20264861,Norte,Moto,5.7,30,0,0
ORD-20264862,Sur,Moto,6.0,30,0,1
ORD-20264863,Centro,Bici,2.8,28,0,0
ORD-20264864,Centro,Bici,0.9,12,0,0
ORD-20264865,Centro,Bici,1.8,14,0,0
ORD-20264866,Norte,Moto,5.0,25,0,0
ORD-20264867,Centro,Bici,2.9,27,0,0
ORD-20264868,Centro,Moto,3.1,34,1,0
ORD-20264869,Norte,Moto,5.2,31,0,0
ORD-20264870,Sur,Bici,5.5,48,0,1
ORD-20264871,Centro,Moto,2.6,15,0,0
ORD-20264872,Centro,Moto,3.0,20,0,0
ORD-20264873,Centro,Moto,2.8,23,0,0
ORD-20264874,Centro,Bici,2.6,26,0,0
ORD-20264875,Centro,Bici,2.3,26,1,0
ORD-20264876,Norte,Bici,5.1,37,0,1
ORD-20264877,Norte,Moto,5.7,36,0,1
ORD-20264878,Norte,Moto,5.4,31,0,0
ORD-20264879,Centro,Moto,2.8,19,0,0
ORD-20264880,Sur,Moto,7.0,36,0,0
ORD-20264881,Centro,Bici,2.7,39,1,1
ORD-20264882,Centro,Moto,2.0,14,0,0
ORD-20264883,Sur,Moto,6.3,35,0,1
ORD-20264884,Centro,Bici,1.4,14,0,1
ORD-20264885,Centro,Moto,1.6,15,0,0
ORD-20264886,Sur,Moto,5.5,31,0,1
ORD-20264887,Centro,Bici,2.9,31,0,1
ORD-20264888,Norte,Moto,3.1,17,0,0
ORD-20264889,Centro,Moto,2.2,20,0,0
ORD-20264890,Norte,Moto,4.1,30,0,1
ORD-20264891,Centro,Bici,2.1,16,0,0
ORD-20264892,Centro,Moto,3.3,19,0,0
ORD-20264893,Norte,Moto,6.1,38,0,0
ORD-20264894,Centro,Bici,2.5,20,0,0
ORD-20264895,Centro,Bici,2.1,21,0,0
ORD-20264896,Centro,Bici,1.4,28,1,0
ORD-20264897,Centro,Moto,3.6,32,1,1
ORD-20264898,Centro,Moto,3.0,32,1,0
ORD-20264899,Centro,Moto,1.9,13,0,0
ORD-20264900,Sur,Moto,6.1,24,0,0
ORD-20264901,Centro,Bici,2.4,39,1,0
ORD-20264902,Centro,Bici,2.3,27,0,0
ORD-20264903,Centro,Bici,2.8,38,0,1
ORD-20264904,Centro,Moto,1.9,16,1,0
ORD-20264905,Sur,Moto,4.5,31,0,1
ORD-20264906,Centro,Moto,2.6,13,0,0
ORD-20264907,Sur,Bici,4.3,50,0,1
ORD-20264908,Centro,Moto,3.0,21,0,0
ORD-20264909,Norte,Moto,7.8,38,0,0
ORD-20264910,Norte,Bici,3.9,40,0,1
ORD-20264911,Sur,Moto,2.5,16,0,0
ORD-20264912,Norte,Moto,2.0,16,0,0
ORD-20264913,Norte,Moto,4.8,30,0,0
ORD-20264914,Centro,Bici,2.0,26,0,0
ORD-20264915,Centro,Bici,2.7,34,0,0
ORD-20264916,Sur,Moto,5.2,28,0,0
ORD-20264917,Centro,Bici,1.2,17,0,0
ORD-20264918,Centro,Bici,1.0,14,0,0
ORD-20264919,Norte,Moto,5.4,25,0,0
ORD-20264920,Centro,Bici,2.6,23,0,0
ORD-20264921,Sur,Moto,4.4,36,0,0
ORD-20264922,Norte,Moto,2.5,18,0,0
ORD-20264923,Norte,Moto,5.7,39,0,1
ORD-20264924,Sur,Moto,6.9,48,1,0
ORD-20264925,Centro,Bici,2.7,34,1,0
ORD-20264926,Centro,Bici,1.8,19,0,0
ORD-20264927,Centro,Bici,2.5,24,0,0
ORD-20264928,Centro,Bici,1.4,13,0,0
ORD-20264929,Norte,Moto,6.6,32,0,0
ORD-20264930,Sur,Moto,5.1,34,0,1
ORD-20264931,Centro,Bici,1.1,13,0,0
ORD-20264932,Centro,Bici,2.3,23,0,0
ORD-20264933,Sur,Bici,5.7,52,0,0
ORD-20264934,Centro,Moto,2.2,17,0,0
ORD-20264935,Centro,Bici,2.3,27,0,0
ORD-20264936,Centro,Bici,1.5,14,0,0
ORD-20264937,Sur,Bici,5.8,56,0,1
ORD-20264938,Norte,Moto,4.0,39,1,0
ORD-20264939,Norte,Moto,1.8,16,0,0
ORD-20264940,Sur,Moto,4.4,21,0,0
ORD-20264941,Centro,Moto,3.3,33,1,1
ORD-20264942,Centro,Bici,2.2,41,1,1
ORD-20264943,Sur,Moto,7.6,42,0,0
ORD-20264944,Centro,Moto,2.8,20,0,0
ORD-20264945,Norte,Moto,5.5,36,0,0
ORD-20264946,Sur,Moto,4.8,25,0,0
ORD-20264947,Norte,Moto,4.9,50,1,1
ORD-20264948,Norte,Moto,4.6,30,0,0
ORD-20264949,Sur,Moto,4.5,30,0,0
ORD-20264950,Sur,Moto,5.8,26,0,0
ORD-20264951,Centro,Moto,1.8,16,0,0
ORD-20264952,Centro,Bici,1.6,19,0,0
ORD-20264953,Centro,Moto,1.6,16,0,0
ORD-20264954,Norte,Moto,8.1,43,0,1
ORD-20264955,Centro,Bici,2.9,24,0,0
ORD-20264956,Norte,Moto,5.5,29,0,0
ORD-20264957,Centro,Bici,1.7,17,0,0
ORD-20264958,Norte,Moto,5.9,29,0,0
ORD-20264959,Centro,Bici,2.4,29,0,0
ORD-20264960,Norte,Moto,5.3,38,0,1
ORD-20264961,Norte,Moto,3.5,22,0,0
ORD-20264962,Centro,Bici,2.6,24,0,0
ORD-20264963,Centro,Bici,2.2,16,0,0
ORD-20264964,Norte,Moto,3.9,38,1,1
ORD-20264965,Centro,Moto,3.1,26,0,0
ORD-20264966,Centro,Bici,1.3,14,0,0
ORD-20264967,Sur,Bici,5.8,50,0,1
ORD-20264968,Norte,Bici,6.0,56,0,0
ORD-20264969,Sur,Moto,3.7,42,1,1
ORD-20264970,Centro,Bici,1.8,20,0,0
ORD-20264971,Centro,Moto,2.3,17,0,0
ORD-20264972,Sur,Moto,5.4,33,0,0
ORD-20264973,Norte,Moto,4.8,23,0,0
ORD-20264974,Norte,Moto,5.7,26,0,0
ORD-20264975,Centro,Moto,3.9,22,0,0
ORD-20264976,Centro,Moto,2.1,18,0,0
ORD-20264977,Centro,Bici,1.1,13,0,0
ORD-20264978,Centro,Moto,3.2,19,0,0
ORD-20264979,Centro,Moto,3.8,22,0,0
ORD-20264980,Centro,Bici,2.8,27,0,0
ORD-20264981,Sur,Moto,3.4,28,0,0
ORD-20264982,Centro,Bici,2.4,24,0,0
ORD-20264983,Norte,Moto,3.3,19,0,0
ORD-20264984,Sur,Moto,6.0,35,0,0
ORD-20264985,Norte,Moto,3.0,25,0,0
ORD-20264986,Centro,Bici,2.3,22,0,0
ORD-20264987,Norte,Moto,3.5,27,1,0
ORD-20264988,Norte,Moto,5.2,29,0,0
ORD-20264989,Norte,Moto,4.5,28,0,0
ORD-20264990,Norte,Moto,5.3,46,1,1
ORD-20264991,Sur,Bici,5.0,63,1,1
ORD-20264992,Norte,Moto,3.5,19,0,0
ORD-20264993,Centro,Moto,3.0,17,0,0
ORD-20264994,Norte,Moto,4.9,28,0,0
ORD-20264995,Centro,Bici,1.7,21,0,0
ORD-20264996,Sur,Moto,8.4,38,0,0
ORD-20264997,Centro,Bici,2.9,26,0,0
ORD-20264998,Centro,Bici,2.4,22,0,0
ORD-20264999,Sur,Moto,7.1,46,0,1
ORD-20265000,Norte,Moto,7.8,47,0,1
